232.47785624439499 + 0.0im,-290.6983787231395 + 42.5220823427373im,340.8648944334252 + 84.97224824298827im,-142.58058293771012 - 182.03669552322154im,39.13189095125072 + 27.352525390099643im,-109.15877807084334 - 19.76522658974828im,45.916967635942015 + 69.10378738942663im,3.8947456799966176 - 36.16880546928955im,-17.340830387441997 - 1.0760653343772624im,-18.228929430506625 + 15.240186267448962im,8.107271060659698 + 23.167749888433335im,15.772662206909107 + 4.053174832767995im,8.570398140363194 - 3.6849384144531623im,4.293274693737386 - 3.402461578215764im,3.633913565769272 - 3.79377604244824im,1.529377874658394 - 5.368954738304444im,-1.6199941180021098 - 4.878573816343648im,-3.368957666573219 - 2.652188390007031im,-3.4108435945180187 - 0.44399814871451626im,-2.5698684999364536 + 1.0166224806944852im,-1.430727675859913 + 1.724847049563806im,-0.330087865249709 + 1.7833086281470552im,0.47376877595415623 + 1.3725838992131065im,0.8625309974416098 + 0.7591657580136391im,0.8824010802793198 + 0.18426712595078776im,0.670677736503686 - 0.21427405586281112im,0.37398941034896377 - 0.4041320267987409im,0.0999540621118058 - 0.4235472500595101im,-0.09862416720004408 - 0.3388313634543598im,-0.2149130220665807 - 0.20945153243749992im,-0.265275550425663 - 0.06986185165462744im,-0.26527555042564144 + 0.06986185165463699im,-0.21491302206656043 + 0.2094515324375134im,-0.09862416720001121 + 0.338831363454383im,0.09995406211181823 + 0.42354725005949945im,0.3739894103489416 + 0.4041320267986841im,0.6706777365036833 + 0.21427405586281068im,0.882401080279335 - 0.18426712595076483im,0.8625309974416195 - 0.7591657580136557im,0.473768775954148 - 1.3725838992131494im,-0.33008786524967526 - 1.7833086281470547im,-1.4307276758598988 - 1.7248470495638344im,-2.569868499936449 - 1.016622480694477im,-3.4108435945180524 + 0.44399814871449195im,-3.3689576665732464 + 2.6521883900070193im,-1.6199941180021327 + 4.878573816343653im,1.529377874658401 + 5.368954738304453im,3.6339135657692836 + 3.7937760424482274im,4.293274693737389 + 3.4024615782157883im,8.570398140363183 + 3.6849384144531427im,15.772662206909128 - 4.053174832767978im,8.107271060659706 - 23.167749888433303im,-18.228929430506632 - 15.240186267448934im,-17.340830387441994 + 1.0760653343772475im,3.894745679996646 + 36.16880546928955im,45.91696763594197 - 69.10378738942661im,-109.15877807084333 + 19.765226589748266im,39.131890951250725 - 27.352525390099636im,-142.58058293771012 + 182.03669552322157im,340.8648944334252 - 84.97224824298827im,-290.69837872313946 - 42.52208234273732im
-68.41305583895381 - 379.7112520343314im,-13.794531869063107 + 220.40690066153962im,-64.66719543087054 - 181.08731081058923im,41.09181010361226 + 218.95897391687754im,64.94394922923803 - 182.2478886804817im,-80.95061605619948 + 26.109280913133496im,-31.040208742616397 - 8.324080690805317im,-9.146722964030218 + 61.23058077278179im,30.950589493219436 + 0.2703463217273452im,-0.5151230699078556 - 4.273017935703098im,-1.4441394668442822 + 5.798895261870177im,8.376431933702715 + 8.627139135407166im,12.62869654459747 - 2.3321240234918736im,5.580842501200207 - 8.646655496394501im,-0.4781589686456975 - 7.32971806583938im,-2.641925528010921 - 4.6011703656196845im,-3.4725973591079238 - 2.6920933527989934im,-3.832378686578061 - 0.7556420698914554im,-3.1988399264548657 + 1.0990086527282417im,-1.8131935904791057 + 2.1411070626321855im,-0.3974926939253791 + 2.231787866421982im,0.6033932405597966 + 1.7091931418624746im,1.084885245869736 + 0.9501476186685229im,1.1164637791107888 + 0.23344587200070155im,0.8536315581055183 - 0.272073675305728im,0.4758448396997288 - 0.513868285767769im,0.12583754570765343 - 0.5331516091646398im,-0.12100411458405347 - 0.41565816195236494im,-0.2513947483914496 - 0.24499504325412658im,-0.2886641922233554 - 0.07602004228050285im,-0.2638710329090278 + 0.06949139342736288im,-0.19541573538904222 + 0.19044653638785403im,-0.08343026627838009 + 0.2866128351914017im,0.08062843202731429 + 0.3416506560124919im,0.2940751396461937 + 0.3176966702639876im,0.5218054846576812 + 0.16651941870208092im,0.6853100436367647 - 0.1432796595827861im,0.6729982956620013 - 0.5911647009415613im,0.3763414950574502 - 1.0779389610887344im,-0.2570581752413137 - 1.4238772736649894im,-1.1665145631864111 - 1.3962632022281243im,-2.119427412445525 - 0.7798700511009287im,-2.7053309593170773 + 0.4638548708883228im,-2.5457628446261147 + 2.041441223061681im,-1.5952476708412253 + 3.5479611394737556im,0.1976949122074103 + 4.8707299877303765im,3.4765481976243997 + 5.373030081814209im,7.604891626457558 + 2.741335810766877im,8.12403876183531 - 3.497295864787378im,2.5909063446980447 - 6.381667145250461im,1.4049044759869043 - 2.337609119426095im,7.7126314812009 - 4.147890206320297im,8.46195007097607 - 24.501844852134084im,-39.114605239732754 - 24.03020633410918im,-20.77356620917537 + 23.18253491039333im,-34.19639440281369 + 37.54510154040079im,118.9391006825758 + 25.74306466065792im,-123.23233403794644 - 119.42131042482137im,67.15213808603008 + 145.69925125547445im,-140.71453538273653 - 85.61110016993558im,259.30387749252634 + 257.04967055595097im
-94.5477768075925 + 211.08733984668282im,254.784332415774 - 227.39644859247178im,-249.9469031256665 + 13.67794619919616im,73.13948427379108 - 13.173813262810771im,-93.46413428992095 + 73.90997873922562im,103.84049681763614 - 11.939777210767497im,-55.58047292498745 - 35.01402034901882im,-15.584975209643389 + 23.287514372364207im,-2.6633342492964927 + 31.83360586074562im,28.96574739366188 + 11.509639084385896im,12.987411140471142 - 10.387421149295072im,2.6555858798096597 - 6.395372284615592im,2.863414208190055 - 3.255245135499518im,2.9837847767971377 - 5.848050519463154im,-1.4260203521014887 - 7.058363927069232im,-4.854519424866149 - 4.0938514769015395im,-5.041042437653178 - 0.5317482678104932im,-3.652563928238169 + 1.591251667991985im,-2.027806844242461 + 2.517042548261725im,-0.4933230206127641 + 2.633271384542754im,0.7081244174302128 + 2.090392954846095im,1.3378232885419052 + 1.1845844000722998im,1.3946800093670686 + 0.2916153225243403im,1.0711168916111395 - 0.34293122387407315im,0.5987515080947485 - 0.647540854511325im,0.15821083284856652 - 0.6706728046883259im,-0.1506307596622856 - 0.5175756176771473im,-0.30511236081720483 - 0.2973795450393979im,-0.33409897891681783 - 0.08799056669596172im,-0.28410933325998045 + 0.07482165232125393im,-0.19233003461078363 + 0.18744077181395902im,-0.07505817251055813 + 0.25785823379178674im,0.06748112388021657 + 0.28593837520046844im,0.23467517508761038 + 0.25354771218896754im,0.40587910441147024 + 0.12958933625965585im,0.5277487575984048 - 0.11025417881627941im,0.5177768286321731 - 0.4551372316190567im,0.28941765558105215 - 0.8333414856286012im,-0.20232754268837505 - 1.1047722085118519im,-0.9086459511132139 - 1.089196030921184im,-1.6611331168356587 - 0.6330363032149409im,-2.1949518794025735 + 0.32336954159069364im,-2.1746618336209096 + 1.701607775618605im,-1.2296907531153245 + 3.1596033771265475im,0.711779900298795 + 3.940925021998872im,2.8801661921017256 + 3.3933646911307562im,4.3611094983158765 + 2.080629786210208im,6.0233788938232 + 0.6934896455383992im,8.394811918643413 - 3.2299240134497014im,6.1786980996273115 - 11.334367379630972im,-6.396619042516415 - 14.617993741262195im,-13.513571935218952 - 0.7775997752678852im,-3.428693490162921 + 5.499133741687775im,11.732121516095901 - 2.2234920391739266im,-28.011614002382984 - 41.332632229544004im,-44.44431330771768 + 59.58214086376077im,6.34610633949987 + 2.8904923034644003im,54.909615065074185 + 124.89459279304654im,80.77903095920844 - 215.2772450451955im,-159.3376516761652 + 155.60333627916688im,122.28018746854887 - 119.89030459691924im
116.66475011072745 + 114.91048354426162im,-118.96244047234799 - 47.512961536044045im,171.80427388826286 + 60.508627240423564im,-117.1064746009815 - 158.53187874287923im,-29.724725214187465 + 90.9824524722309im,-24.507603267271783 + 13.845336540639202im,44.12424141136134 + 44.890311625167186im,10.020711667201521 - 30.778817698241294im,-10.421321981158961 + 7.436457771839158im,5.928730227572235 + 12.10710298069178im,17.71864530369239 + 2.003097791225116im,9.92252075714941 - 12.730550875575045im,-1.6421563508151253 - 11.100978611256068im,-4.6190105662515935 - 5.4748494435279245im,-4.377178481832452 - 2.794562212202557im,-4.725504665778982 - 1.0862526235691539im,-4.408430435781761 + 1.276886613339085im,-2.664801923091054 + 2.9978570925263757im,-0.5800270736542811 + 3.2565070928264173im,0.9090789848138356 + 2.508255214660852im,1.6237107704061842 + 1.4064125707953927im,1.6925130038734295 + 0.35218761918054753im,1.3173780843126044 - 0.41855923394971906im,0.744310858044614 - 0.8025261098358563im,0.19758356779342645 - 0.8362738272061634im,-0.18767397390772356 - 0.6445560382806592im,-0.3760121666579063 - 0.36638655047040153im,-0.40122452219996774 - 0.1056512309357629im,-0.32534631038329653 + 0.08568131014557157im,-0.20489473777542777 + 0.19968352575347148im,-0.07309467338762099 + 0.2511087679130597im,0.06007038660410924 + 0.25453914803149846im,0.1943447960539117 + 0.20996835305076894im,0.3205107531991722 + 0.1023130395847911im,0.40612423024946365 - 0.08487884451369965im,0.39430404425924404 - 0.34653124072667096im,0.22061698445289518 - 0.6338284487187831im,-0.15367333585209497 - 0.845290073938604im,-0.7016783704767136 - 0.8413696570093441im,-1.2980743501487126 - 0.48720911993203675im,-1.7131025770493098 + 0.27400244079350644im,-1.6731247206773219 + 1.3349790498495295im,-0.999070760909774 + 2.4149822414366877im,0.32845365864828935 + 3.1874319638997797im,2.287388266180248 + 3.278875501783314im,4.574884639883345 + 1.9787664371700684im,5.748908333725749 - 1.1779501847608804im,4.119735972795773 - 4.439134302182378im,1.5456137300791195 - 4.92685690822304im,1.871632631108879 - 5.4362240849450885im,0.00808552747095849 - 10.962002333798726im,-13.264565622363286 - 14.615513203217905im,-27.344469537919956 + 7.331310564116876im,-2.528883750905208 + 23.083995090311618im,11.453956809564048 + 19.70941577568074im,28.491651355261 - 37.952491124176305im,-88.14275081292104 + 21.750111328898676im,76.57604762216087 + 46.93210139429992im,-42.23948362868313 + 36.901805865971im,214.70115799517436 - 55.758281500244564im,-230.6050955410184 - 116.07231141890436im
-35.02447843752058 - 214.52060315788341im,-104.15818919136078 + 137.50034430703738im,30.585573814456687 - 38.87513306448273im,5.101622991839561 + 77.95509856559775im,29.586869520365024 - 83.64863496101569im,-67.95877350207624 + 31.415494178627036im,11.337371898354657 + 32.91709953425009im,24.584580445258283 + 23.51992750084586im,26.838417243455474 - 15.378185022358863im,-1.1244334236279627 - 12.703766440637995im,0.34023743481815255 - 2.4862962175732273im,4.019816234252156 - 4.51438243296845im,0.03860065128651757 - 8.959975311753976im,-6.206632238719572 - 6.265574810164938im,-7.140596345161431 - 0.7109537996711346im,-4.865733149790843 + 2.4537324080242566im,-2.540001351702789 + 3.4359218173889223im,-0.6423835250124635 + 3.524958228147981im,0.9498067931305549 + 2.9105755616439533im,1.9031301270611374 + 1.7157393292223957im,2.0452838424828754 + 0.4327185589506044im,1.5972486559780705 - 0.5133788625991482im,0.9044427115929075 - 0.9807992807112681im,0.24144373939760033 - 1.0258231406951004im,-0.23114864874147534 - 0.794349605055982im,-0.46303404998802367 - 0.45141892923393545im,-0.4891791861374393 - 0.12886609802381804im,-0.38661826381625986 + 0.10181539703307152im,-0.23216248212041268 + 0.22626381379647498im,-0.07704610749171054 + 0.26468986714828535im,0.05788079404483093 + 0.24525957190016667im,0.17117465761662676 + 0.18493693455205218im,0.2626174869620373 + 0.08383800724571205im,0.31732887803665655 - 0.06630916536660125im,0.3003021464984553 - 0.26392952430887373im,0.16616730209466046 - 0.477802200631702im,-0.11605294318870185 - 0.6361813071734743im,-0.5300491728440644 - 0.6352040248047226im,-0.9858564394234524 - 0.3722453534675778im,-1.3183948005207111 + 0.20282450632108073im,-1.3176254052297403 + 1.0379747271648432im,-0.7842640251511632 + 1.9383702764341777im,0.36038918654992713 + 2.54018377286069im,1.891802597690269 + 2.415346108662076im,3.2903682899392264 + 1.42049927959607im,4.24173319464056 - 0.20732568584652im,4.7118042334536945 - 2.620173345791744im,3.4687857788369207 - 6.236674755388115im,-1.5506129580341077 - 8.75106697335167im,-7.655126831685276 - 5.325981260892739im,-6.39851774866648 + 1.1768257978695085im,-2.36627846546862 - 0.829806922677243im,-8.046577480756303 - 6.409505359608467im,-28.327259486609236 + 7.4006734270644525im,3.2260831447984764 + 42.902878398275im,22.956143809411294 + 11.670118561560477im,57.23703681938447 - 3.5133645458025335im,-57.76167889494022 - 77.27323737334581im,9.547871617812214 + 110.8133786145975im,20.46455323508434 - 68.43837865370728im,75.95147723945949 + 71.60645439626074im
-33.53193489236808 + 11.459169217207464im,59.53236060958826 - 74.90794034346953im,-135.8687283929289 + 5.112049701195918im,31.45825797087619 + 65.93438855062945im,3.7250421179836906 + 20.887308746726063im,42.77172475790761 - 8.752054814804746im,-21.76411052479645 - 14.692282067657395im,3.1144133462358425 + 20.746708055893187im,18.72375018738976 + 4.823817401380903im,15.979351033333785 - 13.309913191501654im,-1.9127192518603733 - 16.433078840582255im,-7.5648539375636314 - 6.535892781167277im,-5.5339719437015145 - 2.0724791717329905im,-5.019354522475269 - 1.1102390178222383im,-5.3895083870884 + 1.1351027106436171im,-3.6948719525511886 + 3.7411824738034607im,-0.8461179768750897 + 4.421205721202654im,1.2858559283306126 + 3.4237793307702784im,2.2579726490804877 + 1.903789255311396im,2.3613164562588818 + 0.47942170511958565im,1.8770015715713804 - 0.5940838404206374im,1.0859736474917447 - 1.1659703095342158im,0.29394436326264417 - 1.2386897433626807im,-0.28125558234763304 - 0.966084734010971im,-0.565369214611132 - 0.5506576118517247im,-0.5962321035056966 - 0.15691991949478734im,-0.4663288871483021 + 0.1228207451817513im,-0.2729578850797054 + 0.2660087061177355im,-0.08638306467569201 + 0.2967489201149741im,0.060366686602082664 + 0.2557972437101874im,0.16319492207067832 + 0.17631532276630496im,0.2288697850316126 + 0.07306290774517832im,0.25726503340648665 - 0.05376185175329039im,0.23214666500530123 - 0.20402883973081537im,0.12522846059073345 - 0.35998005933026445im,-0.08642826464632902 - 0.47446367468686024im,-0.3949939802695819 - 0.473551985061952im,-0.7386225840293701 - 0.27831138643998im,-0.9934491107399066 + 0.15551083672263388im,-0.9951989464987655 + 0.7895910155633654im,-0.5992788913588516 + 1.472154186033001im,0.24305651994857413 + 1.9586639536328576im,1.446399817013635 + 1.9704717377891414im,2.7608356718365368 + 1.2235390876407495im,3.637262632679877 - 0.45611342804874405im,3.30524951525134 - 2.6669578932333877im,1.686354567305008 - 4.286819538987896im,-0.10025288648621 - 4.961750396144199im,-2.1828798258089095 - 6.012933903406633im,-7.212581213627519 - 6.16865448092401im,-13.278663684893925 + 0.32722736933019264im,-8.968624852171192 + 12.6307702978241im,5.002195961994701 + 11.065634738474515im,6.104740997652048 + 0.4589652961557527im,-10.848881166116406 - 5.533394704135574im,-8.120707956488054 + 40.61664783706081im,48.76374016734111 + 4.231275791963529im,26.29866295907598 - 3.995531558345252im,18.094851866901603 - 93.35610170601647im,-102.26401380264787 + 47.46593979020339im,77.3006255785704 + 2.1427696253812436im
10.043615261818074 + 79.79305624491862im,5.846631280694848 - 18.01087888758565im,23.651181304842574 + 6.884806982587246im,-42.885943360277565 - 31.97230449849674im,-11.396147650463766 + 59.379944024208655im,31.165587917161304 + 14.782789832446193im,28.668512000083375 - 5.436035225447468im,3.6158524308131383 - 22.269966486872818im,-5.113149432472094 - 2.6694323438346466im,4.027942974520461 - 2.494119094712525im,1.9266794652428518 - 9.188816982711534im,-6.457264062349607 - 8.722442422546944im,-9.38208468074145 - 1.3331755050523784im,-6.237509562722822 + 3.5023337640509533im,-2.843705976291363 + 4.486093321400288im,-0.6601958511809625 + 4.295263444342455im,1.1488409207717605 + 3.6640782761726616im,2.456363230924293 + 2.2941765693652343im,2.7647962078008748 + 0.6084407497265902im,2.2056445505246485 - 0.7100191106053113im,1.2645912974845528 - 1.3794168971791656im,0.34163483551694185 - 1.4627073888940867im,-0.335004422419233 - 1.1502827691580526im,-0.6785864215737059 - 0.6619734225131242im,-0.719770143359737 - 0.18978903747703224im,-0.5625230954028035 + 0.14810536123404539im,-0.3258073778236625 + 0.3175409696594521im,-0.10047922724973546 + 0.34521938000885655im,0.06696636551044666 + 0.2837505466075596im,0.1684084184442951 + 0.1819483125615573im,0.2158962842984644 + 0.06892201704280121im,0.2218390133611965 - 0.046357574551751934im,0.18622539358821494 - 0.16366891305681175im,0.09578472011552464 - 0.27536619061051404im,-0.06446803594434591 - 0.3537160527757437im,-0.29142220635285243 - 0.34930342162142214im,-0.5441509400520761 - 0.20516375636390655im,-0.735422333523061 + 0.11431866193115003im,-0.7442667620766312 + 0.5884058760108415im,-0.45264363036012556 + 1.112768712621585im,0.19654065577640734 + 1.4938696742581008im,1.1272015676134224 + 1.4864543744282148im,2.0886536387604764 + 0.9031503379317449im,2.738610197156797 - 0.2591273173728519im,2.7880576482682837 - 1.8583380631405748im,1.8894808984851306 - 3.699741110399424im,-0.45518055310428096 - 5.091278617499459im,-3.8010435705605836 - 4.4941565849083im,-5.718825911105313 - 1.5379545183304881im,-5.054076369644145 + 0.6936741591260365im,-5.95987949130282 + 1.0069747334914307im,-9.273211195277653 + 5.687513286023668im,-4.595945235518808 + 17.668290663169643im,16.582573442206 + 16.35675275069506im,18.963659250081506 - 4.760778334778749im,6.6266487610108555 - 18.158616005825092im,-24.44653913660883 + 6.21733509131812im,39.42072771867515 + 22.70220865670705im,10.784969214637727 - 34.87836704746408im,20.065522750804845 - 37.584468118200455im,-93.52180339235186 - 35.700497763643064im
-35.67141590186715 - 28.881546636755537im,-38.344687610308746 + 60.197653342287424im,37.331176601031416 + 20.59105166963639im,15.54504808499714 + 1.0460324457702495im,4.386501075004816 - 17.429195322487764im,-11.335958261700041 + 13.794797686421651im,20.626112535875684 + 9.821347547997895im,17.14561309738858 - 12.07532789062922im,0.9343218262530454 - 19.24904378317664im,-10.242736896955643 - 8.842138730993026im,-7.1456200137662105 - 1.03777624687255im,-4.953701935528839 - 0.5031776475778085im,-5.696811308087019 + 0.8453828604297782im,-4.657780737469075 + 4.066314177797312im,-1.2542316454078057 + 5.500370855372011im,1.6624928513957005 + 4.3709355030783295im,2.929786880216117 + 2.371337027886944im,3.032033933231667 + 0.5757377804723648im,2.449623022770436 - 0.7780414478672909im,1.4602112566712582 - 1.5564700950900892im,0.4076354245785625 - 1.6977622825210705im,-0.3924536011882598 - 1.3510368674048945im,-0.8031308542190397 - 0.7816439703852278im,-0.8561364419882598 - 0.2249772960482983im,-0.6716588531670031 + 0.1769892259946788im,-0.3887431189282444 + 0.3788331733277077im,-0.11869038654777118 + 0.40768013205030873im,0.07707481197813681 + 0.32661686125779443im,0.18484469419453542 + 0.19970607956469433im,0.22044423307732908 + 0.07037313477396445im,0.20705579960103648 - 0.043268775910468404im,0.15888558741278613 - 0.13964094802757265im,0.07602609721636731 - 0.21855804640721654im,-0.048783725448944104 - 0.26771052708352805im,-0.21497228397159773 - 0.25769505027708384im,-0.39733819708626905 - 0.14978743945395864im,-0.5364162039104565 + 0.08359978777746002im,-0.5445946357859023 + 0.4312337013382592im,-0.3332206892098548 + 0.8196026459298811im,0.1428478103680817 + 1.1096604537483656im,0.8403470032903495 + 1.1249327118895818im,1.6014494189957365 + 0.7041624483096647im,2.146399968493654 - 0.22781072363164867im,2.1125020869131106 - 1.5450862912810566im,1.25475157777037 - 2.826416997366331im,-0.2765269574843572 - 3.5720530859750266im,-2.159882056621668 - 3.6403283727437676im,-4.497803774136955 - 2.843748753855511im,-6.857462770780289 + 0.00578951985722953im,-6.433999476719885 + 5.148352474711764im,-1.2579873649606732 + 8.227419257161138im,2.844066149246218 + 5.22690214731877im,0.7993943032378557 + 3.6160989948863573im,0.9976134237769236 + 9.847708200576252im,18.155082817611646 + 12.479533873569277im,24.31807145195924 - 14.807863117914959im,3.7868269400090764 - 25.409947681227735im,-26.623787958160992 - 20.57525755087695im,-6.895687279698205 + 31.602271248745815im,22.679135157917354 - 21.340852214951557im,-10.90233407646259 - 12.893673833510405im
-1.4542847802974963 - 9.257655194864203im,-8.442523601799031 - 3.2187352400688063im,-21.759611233798623 + 22.65694970782031im,26.156844971156154 + 29.487444668175947im,25.95708871928509 - 8.024756893271613im,9.178708812399606 - 17.45824691535702im,-6.19492116906105 - 8.926377365761352im,1.425612365837496 - 0.41847430843309663im,2.8695005387076975 - 8.170781364118026im,-5.535099297738203 - 9.729025222958324im,-10.63977821786802 - 2.5079184166359827im,-7.634720679149025 + 4.209523675737887im,-3.0493729749634126 + 5.552567056700888im,-0.4694793644116493 + 4.88907924512713im,1.3169534791894937 + 4.159035900980501im,2.866465074582378 + 2.7938516410318877im,3.42188985302536 + 0.810907603002597im,2.815107332907631 - 0.8956474947854705im,1.6318231914511816 - 1.7932152275218025im,0.44234100808008 - 1.9259711569778268im,-0.45062889348991675 - 1.5404682004416657im,-0.9263577453474188 - 0.9043397345872348im,-0.9996607154700011 - 0.26418387879151517im,-0.7908513788629914 + 0.20802550513542717im,-0.45955275475542845 + 0.44789612349643093im,-0.14008505699231355 + 0.48139274540011723im,0.0900805571488241 + 0.38164173633367005im,0.21051480788161747 + 0.2274383313372219im,0.2394009178003622 + 0.07642637825497123im,0.2091858507610871 - 0.04371314800570025im,0.14673307589614917 - 0.12896008144613558im,0.0641804089958149 - 0.18450522833794802im,-0.03831360471529674 - 0.2102419266419332im,-0.16098490091123185 - 0.19297090309303488im,-0.28998863514660433 - 0.10932156932997295im,-0.3874568446573732 + 0.060332482293697864im,-0.3931471403580908 + 0.3111101668514965im,-0.2417915027670221 + 0.594413992012226im,0.10518726147244051 + 0.8110043784863592im,0.6214342585248205 + 0.8266287167398636im,1.1870897083794454 + 0.5171812065190322im,1.5962985541516463 - 0.16391244517154746im,1.615025514232788 - 1.1346179667979444im,1.0471906975425096 - 2.1817227237516037im,-0.21933079604745134 - 2.945417590205003im,-2.037886591378512 - 2.8873952717132143im,-3.7115981492559094 - 1.613181393672674im,-4.378048335744168 + 0.4251736545443521im,-4.221625576651652 + 2.343692075820643im,-3.8522585767852977 + 4.720727493103176im,-1.3093578071114207 + 8.354639549255495im,5.790367589311751 + 9.392229685538172im,11.780642940603498 + 2.090283190058063im,7.241457073419355 - 5.952173147553103im,0.4640975624457919 - 3.899848726778984im,5.638602250522139 + 3.698856240798799im,17.593575403372068 - 12.815658622167966im,-6.299039143355369 - 26.57657903724066im,-25.155759960917 - 15.981324728902784im,-31.432431218500795 + 23.003628668386018im,19.35186729852093 + 18.526269304224527im
10.520026083625767 + 31.221741554917262im,20.228850790862424 - 0.82832883843068im,4.4361987613617355 - 5.223219018169555im,-2.603391219623935 + 1.6175606896332209im,10.80376459684257 + 10.041815962160523im,17.518720813470495 - 9.07430035428313im,2.4528639278416153 - 17.784395667546537im,-9.417732457190201 - 10.932345409695584im,-8.926342826779706 - 1.1336906966008702im,-5.108994407527476 + 0.47740983936210063im,-5.388914865915481 + 0.8949234192392184im,-5.06784008605741 + 3.9406866157943865im,-1.71830152336834 + 6.113340743189805im,1.8793773141326673 + 5.167381066250472im,3.5206964214822656 + 2.76341730519005im,3.6047301801888647 + 0.6124721786291654im,2.926735653338123 - 0.9512488413773021im,1.7978264333023968 - 1.9043296349397996im,0.5236592258097943 - 2.1380807654444807im,-0.503000407019407 - 1.7443269539550657im,-1.0569155640712484 - 1.0282149694193476im,-1.1464650270548455 - 0.30038232318563374im,-0.9132740138011117 + 0.2410315047856853im,-0.5347999673760904 + 0.5212028768568181im,-0.16390532142325775 + 0.5628296604251273im,0.10519429167787953 + 0.44587464358648443im,0.24340090033500036 + 0.2629753362290559im,0.26978028525561015 + 0.08612151044195748im,0.22477854924958862 - 0.04697312785142149im,0.14667747705090362 - 0.12891157825377064im,0.05864586969243579 - 0.16859421396899532im,-0.032002095129097796 - 0.17561103623941976im,-0.12509216064606263 - 0.14994860644199373im,-0.21487347776053944 - 0.08100437934554039im,-0.2798188332183944 + 0.04358311645933438im,-0.28095783620801607 + 0.2223839453389269im,-0.17255711761089712 + 0.42433601507427765im,0.07522952741219768 + 0.5813345289238123im,0.4481451702857808 + 0.5975834648490654im,0.866020654980997 + 0.3789966483130609im,1.1799851736298632 - 0.12205419024236641im,1.1988721948268277 - 0.8560833619494206im,0.7580861201857203 - 1.638591346109715im,-0.17404503053827858 - 2.175072409301521im,-1.441703989903273 - 2.1833213409607737im,-2.7846710858617083 - 1.4799783301419027im,-3.8374034767798193 + 0.1032550525865581im,-3.850283904575887 + 2.5339701232748495im,-2.0323871745740822 + 4.801057457436419im,0.8650439999993189 + 5.255303082935186im,2.7307434686678693 + 4.284961791821351im,4.243319654725747 + 4.204511690439004im,8.50322202227667 + 3.1881011893428566im,12.37403517446151 - 4.540826527280199im,5.046708804138605 - 14.510729873794212im,-7.354684931398335 - 11.654850358354814im,-9.547838404234428 + 0.025851821952045384im,3.465126485298816 + 0.7515991255629371im,-5.265385357141211 - 14.807825828689847im,-21.10204574491825 - 2.7954440510657905im,-21.970923563416292 + 18.192179126532622im
-5.599955601366298 + 12.676309510701204im,9.8556203867989 + 18.785659154928275im,23.004831505414515 + 0.041291179583272im,9.519502393855278 - 13.907549692794223im,-1.6163881372712716 - 9.971150991838398im,-1.4946397834064085 - 2.960964289899711im,1.793345946720457 - 5.931020607877766im,-4.436717807075327 - 8.880641163087372im,-10.083959033811617 - 3.2341610975684594im,-8.39083823612743 + 3.9577899699316577im,-3.368683469533477 + 6.2126482783510895im,-0.22124106249486658 + 5.326684971441933im,1.5112583318007835 + 4.344309898509277im,3.0718013108174134 + 3.054929921958672im,3.8524014163236493 + 0.9896543699777529im,3.3041105547327536 - 1.0171426375931594im,1.9468109884524003 - 2.1449483464108288im,0.525021712837572 - 2.33821360581112im,-0.5611304872291908 - 1.8983240497124505im,-1.1660205394019612 - 1.1379958230717508im,-1.2845883328852732 - 0.34062566525854177im,-1.0365266452787396 + 0.27202529903106676im,-0.6121655494946292 + 0.5965117527813516im,-0.18868556547941684 + 0.6486150711319544im,0.12180232137609392 + 0.5158614407731925im,0.28133985630988023 + 0.30394372547048665im,0.3086131710465645 + 0.09852322440777828im,0.25062473731302326 - 0.0523708536062073im,0.15594876776466848 - 0.13705886564694214im,0.0580052743114543 - 0.16675265377293558im,-0.028933942415583225 - 0.15877392185040218im,-0.10338456548063701 - 0.12392715835570334im,-0.16520351353328636 - 0.062279273867991924im,-0.20514365511970434 + 0.03194991672591074im,-0.20076624359358686 + 0.15889814811156278im,-0.12205269626029741 + 0.3000997750695127im,0.05318851427328597 + 0.4107758105210365im,0.3182030365339825 + 0.4239426690631427im,0.618848380254065 + 0.2703023506937545im,0.8493778404339203 - 0.08784230568810036im,0.8728748079356113 - 0.6196094745571001im,0.5662186081134986 - 1.203980940741523im,-0.12403311102223746 - 1.6352424738276685im,-1.1210936300838994 - 1.6562331401953507im,-2.1573423341700653 - 1.0495468179535523im,-2.8106136135410393 + 0.183588775973077im,-2.7568385352930864 + 1.7411441077682903im,-1.9395857684181834 + 3.2994562307528774im,-0.1890956837327744 + 4.65671760827753im,2.817376551458598 + 4.973195418389171im,5.994371120133351 + 2.7342324273711736im,6.482161004534852 - 1.4483177217371184im,4.143189737170276 - 3.7581085064540813im,3.3342831390926433 - 3.804403403010233im,4.231090217979935 - 6.933485380992747im,-1.6868220638908102 - 13.269656182443033im,-14.001881970261367 - 8.904975919517643im,-15.846129252447415 + 5.1197848233295495im,-3.4479292842026705 + 13.264158619444945im,3.924287362325318 + 1.9876726591069085im,-6.797692547219052 + 1.455536736452355im
7.428735807278519 - 2.19150870681169im,2.7004577801158716 + 0.5196948403954158im,6.975342805998102 + 2.7176331130201454im,11.830288331807612 - 5.062894474600277im,3.6485668700812166 - 14.079680765869636im,-6.92696887356875 - 10.549166508798052im,-8.880955983881039 - 2.524118526272746im,-5.810776548006503 + 0.9548236133011201im,-4.934603131226521 + 1.410449428670314im,-4.723479667129608 + 3.711202957871467im,-1.9255757406011873 + 6.0206460339035495im,1.8210237059573 + 5.514287498862373im,3.834316932268902 + 3.032024671754048im,3.978398427639598 + 0.6148964676496822im,3.223376783850074 - 1.0913263158928816im,2.021436828355633 - 2.1455626869940985im,0.6162140285886417 - 2.4681534355419066im,-0.5892724116161869 - 2.0704135868960876im,-1.280156197398842 - 1.2470356678787275im,-1.4170238659365872 - 0.3700611772009817im,-1.149703425222766 + 0.30433137425734014im,-0.685636262929799 + 0.6684867993766388im,-0.21368788962097396 + 0.7335532063342116im,0.13867419093562816 + 0.5880567261665957im,0.3220981462489809 + 0.3480286994282286im,0.35298570007861185 + 0.11268188774273025im,0.28368569122248927 - 0.059286252895456776im,0.1720433610888792 - 0.1512064688585566im,0.061020230670314035 - 0.17542010406671338im,-0.028315629177854906 - 0.1553820281405378im,-0.09248580328488032 - 0.11086303891482355im,-0.13509446102583345 - 0.050928716093094684im,-0.15605975968165825 + 0.024305770882072388im,-0.1456347788697735 + 0.11526661863444154im,-0.08628707516856249 + 0.21217149601473784im,0.03721046085161589 + 0.2874094624931751im,0.22237919684523932 + 0.29635936554989334im,0.43449458062686297 + 0.18992364378436388im,0.6010884446383605 - 0.062107435867519545im,0.6229695608082172 - 0.4430858719976358im,0.4055935264648277 - 0.8681290109655422im,-0.09264295494871444 - 1.1849107635695517im,-0.8135904364725803 - 1.2111602632830365im,-1.585753805017701 - 0.8010266128850433im,-2.1490843237736206 + 0.09686447503548665im,-2.1822116328794228 + 1.3859712636417im,-1.3888669362557597 + 2.7148829662679557im,0.20684640009285893 + 3.4756152441314807im,2.0562049334951356 + 3.2580038205809725im,3.658735752488999 + 2.2765630828099432im,5.145509462669084 + 0.5861087183773586im,5.971803088723294 - 2.6371800742059217im,3.8483666696279166 - 6.820915645934678im,-1.5566858387605857 - 8.027321295991673im,-5.20095081500917 - 4.5932016365030695im,-4.410113488332171 - 1.8569451743782102im,-4.9891115018772005 - 3.3048646267593145im,-11.195948111730162 - 0.6007826169893236im,-10.80116999391461 + 10.398951779090183im,0.8213785331497423 + 16.42275561598528im,12.10733438778281 + 7.923210149344457im
13.301369335960622 + 2.259410879652688im,9.782845578741727 - 7.931071192108871im,1.3286733775991593 - 8.904959395555524im,-1.2245281116352067 - 5.254281196707351im,-0.6657739712048414 - 5.0693612034912725im,-3.815965079303202 - 6.527964693936606im,-8.322464796502505 - 2.99528124168091im,-7.8593695358903 + 3.0543431424616685im,-3.670373631764079 + 5.97206465320804im,-0.18361290921223536 + 5.490547214816676im,1.68193672091525 + 4.312292837022767im,3.1102773672668462 + 3.0136054712736033im,3.9529203660499883 + 1.053752458287003im,3.5357213231391547 - 1.043250809734479im,2.143627666809361 - 2.3437103756710167im,0.5788380329300871 - 2.6139565832940397im,-0.6452555777371898 - 2.1532009101679668im,-1.3511379185017798 - 1.3153094430105656im,-1.518780253222892 - 0.40369029828163727im,-1.2527959396758759 + 0.3276596453566076im,-0.755152234579184 + 0.7353437800109341im,-0.2369754709230265 + 0.8147634437123097im,0.1555429930399887 + 0.6583851099035785im,0.3632754495358336 + 0.39241365900612557im,0.39981064412014833 + 0.12763613289646036im,0.3210270682370815 - 0.06707802657592077im,0.1926868687382709 - 0.169344477514677im,0.06660899142327326 - 0.19148580443906216im,-0.02947353557582305 - 0.16173447772988414im,-0.08955508785177513 - 0.10734980979043218im,-0.11957766458760599 - 0.0450790952443057im,-0.12627029292995873 + 0.019666080983461454im,-0.10962010687598445 + 0.08676128352308601im,-0.061933486515066694 + 0.15228576049912146im,0.026031506253260867 + 0.201062038566997im,0.15397296730516064 + 0.2051791523212957im,0.3005207586765841 + 0.13132651589994887im,0.4174662588566618 - 0.043162354349990384im,0.4358445963248301 - 0.3098130392456737im,0.2869079412145654 - 0.6126011024602754im,-0.06519544820002665 - 0.8459449109498784im,-0.5885827029041566 - 0.874498742128423im,-1.1597622581949878 - 0.577485252779373im,-1.5704466657523612 + 0.0853886636254253im,-1.5900597619131682 + 1.0138739727913306im,-1.0661495139471735 + 1.9732832535211076im,0.028773601502411206 + 2.6651913402531777im,1.5963210488795343 + 2.7355565575130742im,3.2475253607462182 + 1.7848194441709921im,4.153089589164656 - 0.21410793558094765im,3.688932451072622 - 2.4217767794825824im,2.3682376063153785 - 3.942643415455448im,0.8107370546825954 - 5.18578951161562im,-2.062247350958296 - 6.367345161535833im,-6.727484196195263 - 4.978910753333404im,-9.147614309699001 + 0.7276960853442525im,-5.8553867000138675 + 5.9877721693574335im,-1.2093616809347898 + 5.889460954575277im,-1.1836626485781663 + 4.380730228181239im,-0.6769318628228516 + 7.9051259309396915im,6.512770317312141 + 9.514872016798957im
5.651261630857322 - 0.703893022887014im,6.692193183341976 - 4.420387457204181im,2.831672294780921 - 9.25262299407861im,-4.167992512249653 - 8.636220875569508im,-7.249489801279054 - 3.4021878577161155im,-6.047277006771738 + 0.4767393058788988im,-4.685465475351236 + 1.9142140610559626im,-3.9274064714157744 + 3.5749427551569783im,-1.6973629699841266 + 5.388923289545865im,1.5797482321448837 + 5.221299129474536im,3.721263864940031 + 3.0720344926961705im,4.042456532730466 + 0.6298996361664729im,3.2987877562125076 - 1.1541302444709776im,2.085026128063281 - 2.240979625913947im,0.6556889192484066 - 2.6159404347967663im,-0.6331376199014145 - 2.253045840142024im,-1.4227552652906676 - 1.3909142918788346im,-1.6111936873555281 - 0.42043344097909646im,-1.3329624347859839 + 0.3540168984373036im,-0.8106449545420986 + 0.7910964364400598im,-0.257801323616917 + 0.8850308946797902im,0.17037789141999415 + 0.7229368864992469im,0.40242194855206903 + 0.43489358163059144im,0.4462234423421266 + 0.14245222156900383im,0.3598197938041312 - 0.07520255236787654im,0.21574519354216748 - 0.18961965594359903im,0.07381105002785437 - 0.21219297652877875im,-0.031832640225893716 - 0.17468235422499478im,-0.09223247946649338 - 0.11055960195483872im,-0.11456672223432629 - 0.04319011936414863im,-0.11058789494056886 + 0.017223594405874953im,-0.08775953156045557 + 0.06945932075552141im,-0.04612548860916649 + 0.11341668945456071im,0.01848686598167948 + 0.14278813302086513im,0.10657331039668394 + 0.14201899146081276im,0.2058643036861293 + 0.0899697266735629im,0.28571400339019615 - 0.02953131055645397im,0.2996004375238235 - 0.21299826027108626im,0.19852217537434513 - 0.4242309684537654im,-0.04579605087744976 - 0.5906319283720206im,-0.41454118729784695 - 0.6161024093406813im,-0.8245264778439154 - 0.4126382320310662im,-1.1326840931574418 + 0.05712465708018355im,-1.1665892622074934 + 0.7408235756221109im,-0.7798818232849464 + 1.4716290132509122im,0.06309383780061983 + 1.9778799391142274im,1.2043810488607922 + 1.9755652940648347im,2.3248555015492274 + 1.3260075048572935im,3.1049761810226473 + 0.06990402515132288im,3.228601291501301 - 1.6942352327739503im,2.2205751610550433 - 3.634061578854161im,-0.11023272528026806 - 4.76809530707807im,-2.758863657607352 - 4.127291276045748im,-4.284311618879089 - 2.308318691369209im,-5.001358832972426 - 0.649727417178322im,-5.979265154340553 + 1.5721085420009766im,-5.395028225224599 + 5.766059136367731im,-0.5859830752925392 + 9.012816292262066im,5.364099804702584 + 7.012103742647648im,6.8779985273439435 + 1.886852130425532im,5.076455238451201 - 0.2884432362868782im
2.92698054293823 - 6.490431651918617im,-0.39741000569461926 - 5.675441412927778im,-1.7827435788575188 - 4.7773276637505555im,-3.7664492255603887 - 4.395065764336767im,-6.306315113556188 - 2.034802582029087im,-6.380755966078259 + 2.1564226064470766im,-3.5454695755094816 + 4.957834212849472im,-0.3728861595333024 + 5.141726188666452im,1.672253989511672 + 4.094264831235766im,2.99920591997146 + 2.750117866770629im,3.7410429865214336 + 0.9632884305453262im,3.4358031053826092 - 0.9918714459150553im,2.161845399822867 - 2.3300443208149786im,0.5984013189925604 - 2.681123113647125im,-0.6798790771509526 - 2.2502152942573534im,-1.4418232132570763 - 1.3977491626224428im,-1.6508277513349583 - 0.43825196931288146im,-1.3918380964190251 + 0.3630491487230434im,-0.85757035467463 + 0.8341851244073438im,-0.2746820208879861 + 0.9440549315117341im,0.1838987926818212 + 0.7779978338816544im,0.4373010364065952 + 0.47227827805135303im,0.4890423018182661 + 0.1561078313155151im,0.39728076056650874 - 0.08300592037997268im,0.2392685627203706 - 0.21027728091685294im,0.08177798015633697 - 0.2350898171700666im,-0.03490412289649386 - 0.19153360488274063im,-0.0985662729264063 - 0.11815120603273876im,-0.11674746974321959 - 0.044012116347044494im,-0.10483596453218547 + 0.016327733638513087im,-0.07604929566438998 + 0.06019092275518256im,-0.0365376390036648 + 0.0898412223032316im,0.013623074346396464 + 0.10522166077006334im,0.07488765247288587 + 0.099794345315873im,0.14099090430444217 + 0.06161626270272147im,0.19365451734513917 - 0.020018478727297673im,0.20286279928623754 - 0.1442188135670135im,0.13503724612617796 - 0.2884934235891867im,-0.03130590334281602 - 0.40467603073969066im,-0.2866292748631669 - 0.4260112849418399im,-0.5759127043777923 - 0.2877541837678427im,-0.7981670357575634 + 0.04146449651858175im,-0.8282471506059901 + 0.5272512212444032im,-0.561592448917243 + 1.053362567901665im,0.03370876283849988 + 1.4376674042646962im,0.880090151414314 + 1.475912694241754im,1.770072300963328 + 1.001008467516549im,2.369895594785789 - 0.02035938232723833im,2.333626180158438 - 1.3679731656295546im,1.5426569480864054 - 2.6127761188287im,0.157593160607272 - 3.406318253801123im,-1.6743990202245884 - 3.5448836406126825im,-3.7514827580407655 - 2.593444822084445im,-5.135194342546627 - 0.16157217517321115im,-4.553101386632749 + 2.8510534661894735im,-2.3442590190657664 + 4.605747194763636im,-0.2822467344647407 + 4.910377674641745im,1.52572738514389 + 5.203531613674228im,4.633761758024113 + 4.859049168386067im,7.70071945307032 + 1.4410533166107613im,7.066180857148305 - 3.8293880296753917im
1.4920144036333516 - 6.044581528984143im,-2.413159167791525 - 6.051638478232572im,-5.151011604051925 - 3.31114906833649im,-5.327717297968854 - 0.13990618262966967im,-4.308855554266948 + 1.8831742922710863im,-3.1157717887096625 + 3.351354455288445im,-1.223358163684399 + 4.52409707704793im,1.320559066629895 + 4.433427304752902im,3.2406209489473987 + 2.803430252104542im,3.7371792945112547 + 0.6437268704268403im,3.1334646442963576 - 1.0970034867752614im,1.9897586738052435 - 2.169338213088733im,0.6302079632680593 - 2.555506877985757im,-0.6295720659553832 - 2.2467454813042513im,-1.4498655715046012 - 1.4229418914891516im,-1.6822472766632162 - 0.4404128370416249im,-1.4212568350817516 + 0.37798069454945504im,-0.8816977087643484 + 0.8613393110468881im,-0.28617183358406206 + 0.9831196466294445im,0.1931221730491804 + 0.8197167917118854im,0.4654355776535204 + 0.5031026976538865im,0.5258438362230986 + 0.16789501918281236im,0.4309224236654319 - 0.09006628026389343im,0.26139359717875243 - 0.22974773578719204im,0.08972852507266393 - 0.25795883379065354im,-0.03826119867934291 - 0.20995884713098167im,-0.1069338004110959 - 0.12818250638005915im,-0.12344878549428362 - 0.04653864030967125im,-0.10570521842817837 + 0.01646310511828658im,-0.07133370506383141 + 0.0564586644391869im,-0.03132838418961076 + 0.07703233240151158im,0.010677513769328628 + 0.08247083067687155im,0.05460326820819272 + 0.07276370520518063im,0.09802712032418182 + 0.04284037249503159im,0.1312305009008854 - 0.013565051816409324im,0.13605315930705186 - 0.09672315165980366im,0.09047021964637375 - 0.1932944511018223im,-0.021082125140504226 - 0.2723058503211302im,-0.19427045704340062 - 0.28872393344583813im,-0.39373244341259417 - 0.19681939237204027im,-0.5511983418117211 + 0.028339336115736635im,-0.578437627874302 + 0.3677953972584711im,-0.3959998097447879 + 0.7439571019942199im,0.027207210779867208 + 1.024769848086559im,0.6359676410449675 + 1.0560444670507025im,1.2759608047038558 + 0.7217062099140978im,1.7273647288521465 + 0.00526013168031958im,1.7667051694932834 - 0.9848953329348265im,1.2200092376857046 - 2.011326657275381im,0.051593934588670454 - 2.697287722401899im,-1.475448381585418 - 2.634750917517704im,-2.818348063402923 - 1.7042040803363272im,-3.561384810383214 - 0.19926439183902692im,-3.6229399829175586 + 1.6017122665723016im,-2.7535878793222826 + 3.5942162470243795im,-0.4941187746685558 + 5.080479857387275im,2.568018620599252 + 4.755308132990749im,4.615801986971375 + 2.5408344557279916im,4.89217496913059 + 0.09591361942931409im,4.5400480533346474 - 1.723809804528011im,3.876145928898011 - 3.858596795982394im
-1.7471061172473257 - 4.058089882544988im,-3.351673223092312 - 3.0149776412893785im,-4.658091242530403 - 1.1329654051583349im,-4.6805429759404635 + 1.5559341127530013im,-2.9555529009838573 + 3.715516951084062im,-0.5298604492253283 + 4.292546398045836im,1.4302221344339705 + 3.6128768972219323im,2.6911080661952416 + 2.3651338584407027im,3.2943481251281073 + 0.7808306400291287im,3.0491631962328953 - 0.8939510003166096im,1.9844856833169067 - 2.1166766784281057im,0.5749535159418706 - 2.5151002705022454im,-0.6514592962369485 - 2.164162011780964im,-1.415543278754154 - 1.3683231031564724im,-1.6506103701751242 - 0.4361488069831274im,-1.4204956214338142 + 0.37061666730027487im,-0.8947422326330633 + 0.8696232051993147im,-0.2929331971960656 + 1.0058220103949935im,0.20008191641583684 + 0.8464341412354756im,0.48560052531215037 + 0.524339232053101im,0.5538287114611276 + 0.1767548530087264im,0.45832126199316015 - 0.09576015529727966im,0.28053335154463976 - 0.2465344248314383im,0.09700718830005584 - 0.2788613363743352im,-0.04154262507492512 - 0.22796321394443386im,-0.11598832644344786 - 0.13903446172283251im,-0.1325186941387493 - 0.0499574358886102im,-0.11059503388758676 + 0.017224716154550457im,-0.0711674038711837 + 0.0563270047534179im,-0.029076255432168407 + 0.07149457328871223im,0.009058725499749454 + 0.06996783505028134im,0.04234621368863645 + 0.05643010463424297im,0.07072224553296594 + 0.030907395912075274im,0.09027980302628336 - 0.009332171976909276im,0.09122474413387538 - 0.06485366321410507im,0.06003596719085344 - 0.1282677145496477im,-0.013972852362714422 - 0.18052292891459454im,-0.12935391092190307 - 0.19225108034949395im,-0.26410203783289043 - 0.13200391016798108im,-0.3729780497209745 + 0.019240918264509133im,-0.3950638198451174 + 0.2513192958607139im,-0.2732241849349635 + 0.5131315238669769im,0.018221387207440487 + 0.714347984489064im,0.44730630410297295 + 0.7457428848454921im,0.9115826957185302 + 0.5162002239594446im,1.2483241840434505 - 0.001193525214520097im,1.2770754902201664 - 0.7270403865273468im,0.876052315177428 - 1.466673347073383im,0.05433205010703582 - 1.9655552670648597im,-1.040931972050002 - 1.9966247145035227im,-2.1537206451210125 - 1.4030782031977997im,-2.90073291267764 - 0.1522416882547807im,-2.839831111981783 + 1.4871195592696105im,-1.8213986692226065 + 2.904149869322367im,-0.21545452297690315 + 3.589865208136807im,1.5309133962723946 + 3.508698494836044im,3.2846148690383536 + 2.6499942032653645im,4.630511068504204 + 0.6982559561006614im,4.541371213342543 - 2.045716628414315im,2.6777611188605146 - 4.162009231179852im,0.20871083624452938 - 4.6513836915257825im
-3.408258798783916 - 2.548180283959322im,-4.048983728721787 - 0.41490349446502695im,-3.5404509528522095 + 1.4761219333847067im,-2.400701848125938 + 2.820171494101825im,-0.7969291530117193 + 3.5878183472817726im,1.0837425911700722 + 3.4606137936920947im,2.5905816065371066 + 2.297622360047685im,3.136882194742015 + 0.6004911562451043im,2.7370256236472246 - 0.9321979073737472im,1.761548215255893 - 1.9315525253856887im,0.5546239912630837 - 2.304531671212433im,-0.5818957208272855 - 2.0573796715196435im,-1.3569303250044547 - 1.333454164008164im,-1.6115719654367684 - 0.42409279080249257im,-1.392520700799306 + 0.36965276676883074im,-0.8818702380918424 + 0.8618797547490742im,-0.2919954492096033 + 1.004165099626242im,0.20145847578888068 + 0.8548434328759098im,0.4956093023564111 + 0.5357871698968844im,0.5716001525860098 + 0.18254199138492622im,0.47781344336767007 - 0.09986064646914272im,0.29525271064292247 - 0.259513869813843im,0.10299673731929104 - 0.2961134182297512im,-0.04443506836985711 - 0.24383437304866468im,-0.12460618297773807 - 0.14936691268441799im,-0.142226154708623 - 0.05361765745070801im,-0.1174721378689928 + 0.01829572643425996im,-0.07367651919114682 + 0.05831295405313419im,-0.02870336028624154 + 0.07057772278503793im,0.0083190717298956 + 0.06425495483420884im,0.0355484381890841 + 0.047371490479798495im,0.05427002341623616 + 0.023717381953483774im,0.06444785174567808 - 0.006661915828129727im,0.06209797820243376 - 0.04414680636408175im,0.039831289227288624 - 0.08510051481795611im,-0.009175387233450294 - 0.11853362771198778im,-0.084851415743043 - 0.12610810741418077im,-0.17399324223794044 - 0.08696788422504725im,-0.24752356254464086 + 0.012756337978527599im,-0.26454629776149385 + 0.1682611972273692im,-0.18475065184102557 + 0.3469841780111518im,0.012602644284860132 + 0.4879597111802653im,0.30892855326249646 + 0.5142823372488127im,0.6350565385009984 + 0.3593138485981241im,0.8782350079015588 + 0.0002334774817171932im,0.9112586190245299 - 0.5146494000282911im,0.636883826691826 - 1.0581408778456076im,0.0366093194866719 - 1.4417474022612948im,-0.7863970788911989 - 1.46559859579884im,-1.6009998038067703 - 1.007304752288194im,-2.122834700730855 - 0.10599553719710503im,-2.131793843334904 + 1.0462389849365956im,-1.5123864853336664 + 2.1778508115273776im,-0.25735893016979405 + 2.9343468963679693im,1.3855696856104773 + 2.8960679027788316im,2.8199920626484065 + 1.8849951681882164im,3.4792076887830397 + 0.2563793542160127im,3.2831741077545473 - 1.434859367358838im,2.3792196715220717 - 2.9301238562957757im,0.7096798379087887 - 3.9821405796815625im,-1.5305169571823272 - 3.9634601773926192im
-3.301150317357695 - 0.616448766314653im,-3.2349893160907226 + 1.1360905982915295im,-2.1773676340696944 + 2.61767669872536im,-0.516346678374032 + 3.2306132021763707im,1.078270524379583 + 2.8871599420929304im,2.1923983116356283 + 1.9021024673763562im,2.689457426939181 + 0.5906613317745959im,2.4935388926979107 - 0.7574874507016469im,1.6616472747986928 - 1.7708342778204615im,0.5047782588276264 - 2.1595638618053505im,-0.5682334912854027 - 1.9108744500351054im,-1.2760004220474923 - 1.2340177208114715im,-1.518330472515646 - 0.3993390731445748im,-1.3324141811164698 + 0.34871305544393927im,-0.857270165805857 + 0.8332447855916869im,-0.2870127494954129 + 0.9846054645838656im,0.19998960581680414 + 0.8465391737538066im,0.49596904570029304 + 0.5355172117835003im,0.577516606862402 + 0.18428104072215648im,0.4877842889369627 - 0.10192740444744122im,0.30454641610869293 - 0.26763420999452125im,0.10728600496152663 - 0.3083990836664398im,-0.04668992406944204 - 0.2562146647321289im,-0.13188932531092343 - 0.15809465977818027im,-0.15119400080428136 - 0.056997455862313806im,-0.12475527035594824 + 0.01943022096479391im,-0.07743721946083697 + 0.06128941401278712im,-0.029403796069913612 + 0.07229993608571372im,0.00812627319279538 + 0.06276589091295959im,0.03230361845209739 + 0.0430474930835143im,0.045080489373382604 + 0.019701334026203776im,0.0489367366919454 - 0.005058540193931149im,0.04386494977847248 - 0.031184550956328577im,0.02682942126733784 - 0.057321674885614016im,-0.0060235702202722785 - 0.07781761500065132im,-0.05513041581563821 - 0.08193639398209746im,-0.11293761292814872 - 0.05644987879928439im,-0.1613667302929347 + 0.008318417709219594im,-0.17371882907540948 + 0.1104979406586587im,-0.12239403617988309 + 0.2298737806407719im,0.008401209412067956 + 0.3264094035496332im,0.2087026399327121 + 0.34760619800086767im,0.43374582019007163 + 0.245513687166803im,0.6063786861983851 - 3.786062063548812e-5im,0.6351401135385317 - 0.3597137854146967im,0.4471270798879261 - 0.7453327847144509im,0.026363921572391424 - 1.023583656438027im,-0.5601141354852204 - 1.0547308721456319im,-1.1629676310815285 - 0.7429982616502475im,-1.5772284807822496 - 0.08302959732030968im,-1.5955641628768902 + 0.8022967576260451im,-1.1005057239310532 + 1.6578268295654732im,-0.156430253414722 + 2.180199559487175im,1.0044793307019042 + 2.1589819253750617im,2.0926073624563255 + 1.5284888181140306im,2.796279762994953 + 0.33199023223673985im,2.772010986363191 - 1.2011788155499072im,1.854438255808459 - 2.5572176061749046im,0.3280064492212488 - 3.196266370471135im,-1.259062884959644 - 2.9710920616501597im,-2.538379262527453 - 2.061006586435701im
-2.5630692124369023 + 1.0096466699202495im,-1.737481280563466 + 2.0901645517264607im,-0.5138543470637632 + 2.6416217706417857im,0.8363441942035984 + 2.5215087017914657im,1.9301409537278227 + 1.716436231538604im,2.4092036457991144 + 0.490722306783905im,2.184189410048769 - 0.7200610420582838im,1.4387813511635974 - 1.5725514771949198im,0.4529597490748534 - 1.9138889860564396im,-0.4971607106667419 - 1.7340087989646564im,-1.1686712427787727 - 1.1462990766662229im,-1.4174569552954115 - 0.37425096176123823im,-1.2531892846298605 + 0.3314648950815813im,-0.811001900158685 + 0.7922145634225847im,-0.2740066203472863 + 0.9428615635165494im,0.19328278757880085 + 0.8195340418615844im,0.485277929152389 + 0.5245813142231998im,0.5715714768352647 + 0.18255541308468315im,0.4878792863562986 - 0.10194982357978011im,0.3077122201465162 - 0.27046379472126164im,0.10948721023302238 - 0.3147812289563632im,-0.04812117498140145 - 0.26405442407079904im,-0.13713493679099115 - 0.16438519878324187im,-0.1583598666006912 - 0.05970010062179282im,-0.13123947710088468 + 0.020439846661927663im,-0.08138141968533763 + 0.06441119597504996im,-0.03058255549154664 + 0.07519849439543289im,0.008237829960614507 + 0.06362737641742863im,0.03122613020379847 + 0.04161164279793744im,0.040538652915212525 + 0.01771644416395568im,0.040226632365365 - 0.00415817464155771im,0.03296053772797519 - 0.023432356678627808im,0.018754331726775007 - 0.04006906467285302im,-0.004015071189538144 - 0.05186983321099514im,-0.03581605907664981 - 0.05323076722424058im,-0.07261395161843875 - 0.03629481542002484im,-0.10364924288768737 + 0.005342744636879948im,-0.11207169579292836 + 0.07128461018422638im,-0.07953907913978697 + 0.14938444303646198im,0.005512939704754971 + 0.21400770255044704im,0.13817771211238905 + 0.23010755446108933im,0.2900462481232691 + 0.1641476575909444im,0.40964356862563484 + 4.56648589652886e-6im,0.43372659276674175 - 0.2454216769858026im,0.3089576161962913 - 0.51434883892849im,0.018438860237228516 - 0.7146538875451333im,-0.3962889975711389 - 0.7436894340338804im,-0.8293000798082786 - 0.5266189675889171im,-1.1311452967973983 - 0.057659930227613995im,-1.1565146068230483 + 0.5770647793153187im,-0.8189095113667246 + 1.2107485339595834im,-0.13079684139079695 + 1.633273641018478im,0.7705264690617054 + 1.6452151761188392im,1.624241238154278 + 1.1423059317273005im,2.1275712054045464 + 0.20402137310276114im,2.0816925461048994 - 0.9170772649734946im,1.4600300450641663 - 1.9187154107915563im,0.3611001627590367 - 2.5264012975167565im,-0.9871261869212926 - 2.491685383128549im,-2.173079050763823 - 1.7057994950960909im,-2.7550986912138837 - 0.385615327745364im
-1.4650779395039688 + 1.747959351078176im,-0.3936310015870704 + 2.230217340655596im,0.7449473706474915 + 2.0836825230200176im,1.6149998271093908 + 1.4061883712465408im,2.018172668850375 + 0.42632022256782254im,1.8858387975364055 - 0.5899474667672194im,1.2782126726263412 - 1.3691952002823378im,0.40244757731308145 - 1.7036650936791178im,-0.45482487467653987 - 1.5478821019376228im,-1.055424825615949 - 1.0235452422496158im,-1.2842322650320934 - 0.33718105096868745im,-1.1494525379287897 + 0.3019042604082537im,-0.7548085324872176 + 0.7342671385901995im,-0.2582858906845811 + 0.8858870782224247im,0.18370781096467947 + 0.7782151360211107im,0.4656946780213832 + 0.5029082639061692im,0.5538786054193349 + 0.17673150011745353im,0.47772825540621944 - 0.09984054234231693im,0.3045398327812395 - 0.267634040431331im,0.10950635350634959 - 0.31477774041426454im,-0.04860834624509991 - 0.26674968733821225im,-0.13988216838155998 - 0.1676760723630063im,-0.1629661368250789 - 0.061435195613914834im,-0.13604342833845906 + 0.021188433627472858im,-0.08472886799762691 + 0.0670606045629939im,-0.03180912125464419 + 0.07821434444104192im,0.008479805217789608 + 0.06549641810094498im,0.03132861035487977 + 0.04174819922965817im,0.038782771728504306 + 0.016949077134884694im,0.035801143297887306 - 0.0037007125252196127im,0.026814857021383864 - 0.019063250648277325im,0.013946999568837604 - 0.029798075162222215im,-0.0027777020162707503 - 0.0358845578569345im,-0.02362747077539107 - 0.03511576831461927im,-0.0466884087284285 - 0.023336376706058037im,-0.0659555134341738 + 0.003399828254657254im,-0.07124436001124397 + 0.045316088838613156im,-0.050783793534778465 + 0.0953787970493074im,0.0035449366487303458 + 0.13763783454431489im,0.08965631303249866 + 0.14931129653844588im,0.19003673119235215 + 0.10755508700146685im,0.2711429979155951 - 2.1958606633010191e-7im,0.29005020727008646 - 0.16416660354168577im,0.20869913456288358 - 0.3475981770287522im,0.012552612049528525 - 0.48788933457553463im,-0.27317729034741767 - 0.5131749287969088im,-0.5781660914407714 - 0.3679584470862789im,-0.7984680553609742 - 0.04135978627146586im,-0.8254706785333803 + 0.4127604777215733im,-0.587375802909665 + 0.8745921637436528im,-0.09040386411874157 + 1.1855625304429043im,0.5630045117212614 + 1.2022696159350295im,1.1953335896376145 + 0.8531313273737228im,1.6017826978913434 + 0.17084149461695575im,1.6046739279164288 - 0.697711286489551im,1.1227513681868566 - 1.5033525367157483im,0.2426140386562149 - 1.9672476487465744im,-0.7886219141270234 - 1.9103897373817667im,-1.6755934797025864 - 1.3284298988340042im,-2.1747019866475377 - 0.3552062488465567im,-2.1179706929457898 + 0.7783756586220527im
-0.32926043626781804 + 1.7829720672800238im,0.5866867989281086 + 1.7122376723069608im,1.3394617099901955 + 1.1846265539021585im,1.7062386729502592 + 0.3554268645837922im,1.5943986081313282 - 0.5147128413502013im,1.0782619162077487 - 1.1717573258864231im,0.3437717154777391 - 1.46027602347852im,-0.3897865435284112 - 1.3463244213647507im,-0.9270860538773679 - 0.9066211587296764im,-1.1467208709008707 - 0.30285737267014246im,-1.0366677435304146 + 0.2733902985374914im,-0.6859188362910567 + 0.669371956216724im,-0.23666639808783996 + 0.8142173416763407im,0.17056178721111537 + 0.7227276468319437im,0.4371151444858867 + 0.4724177748174009im,0.5257845088722412 + 0.16792278737821265im,0.45838968262324276 - 0.09577630237965135im,0.29526416520815485 - 0.2595141648428374im,0.10726883842752118 - 0.3084022119807719im,-0.04812234058496624 - 0.2640548981116204im,-0.1398792118192662 - 0.16767408305594464im,-0.1645515122102033 - 0.06203432205827225im,-0.13858989167978308 + 0.0215845433291071im,-0.08694590842757766 + 0.06881531461481438im,-0.03278389061996237 + 0.08061135007556858im,0.008731075074687164 + 0.06743688908719919im,0.03192399223018702 + 0.042541576741574307im,0.03851804236976597 + 0.016833378498116724im,0.03390540298831907 - 0.0035047522808149267im,0.02362442546688437 - 0.016795099870616503im,0.011232194902083562 - 0.023997820971659284im,-0.0020448736452869654 - 0.026417344760014616im,-0.016181266878323233 - 0.024049021844434783im,-0.030489547432266062 - 0.015239655908511007im,-0.04197998961332228 + 0.0021639560688756776im,-0.04487845001572027 + 0.02854561639066236im,-0.03195831562996708 + 0.06002194279154953im,0.002240661220360818 + 0.08699399143673009im,0.057082048051867174 + 0.09506188837079432im,0.1220666419685322 + 0.06908474833741551im,0.1758559267645486 - 7.698310913739626e-8im,0.19003600033092172 - 0.10755158956492056im,0.13817788067315057 - 0.23010794016110628im,0.008411511622713586 - 0.3264238948990984im,-0.18475630794143139 - 0.34697894280906805im,-0.39512629000327193 - 0.25128178432562254im,-0.5511495285907272 - 0.028356315887684613im,-0.5756692075722588 + 0.28772265823077003im,-0.4147772812609002 + 0.6160841341735841im,-0.0658464267561476 + 0.8457554205933888im,0.40632280602410276 + 0.8685173112084741im,0.8740462425724842 + 0.6205867270477039im,1.1785682857103235 + 0.12026399875671628im,1.185851572922624 - 0.5196583069475138im,0.841643201342116 - 1.1200108421527306im,0.19674560470024527 - 1.489893604801778im,-0.5978560643919999 - 1.4812896756520377im,-1.316087857307231 - 1.0420532976787515im,-1.7204895487188732 - 0.2623888744437778im,-1.663408717020941 + 0.6353712554469475im,-1.152537356943536 + 1.3868587437913067im
0.4805666662424194 + 1.371345056807694im,1.085236215961568 + 0.9501566979012073im,1.3884527655568897 + 0.29014567224372134im,1.3179140880397266 - 0.4183083226756329im,0.908346983824694 - 0.9778694713179147im,0.29325519401447 - 1.2394738684786337im,-0.3365143713974876 - 1.1529507216933834im,-0.802830867350008 - 0.7807042515498883im,-0.9994980936639198 - 0.2626106800326399im,-0.9132050800645974 + 0.24036462491521723im,-0.6119625126415492 + 0.5958757438409275im,-0.21386171105363924 + 0.733860331919904im,0.15539180380748382 + 0.6585571355478529im,0.4025405165318884 + 0.43480460599656656im,0.4890994279701009 + 0.15608109339441914im,0.43087333518865156 - 0.09005469551742543im,0.28051973127796237 - 0.24653407402161567im,0.10301052500779886 - 0.29611090565365195im,-0.046687895994424244 - 0.2562138399316625im,-0.13713758805790666 - 0.16438698267393892im,-0.16296629097578408 - 0.06143535378612622im,-0.13858956993422022 + 0.021585049166569337im,-0.08771902648397234 + 0.06942728770992079im,-0.033317359220335796 + 0.08192293899608234im,0.008911869322012489 + 0.06883350292728155im,0.032552943652903205 + 0.043379707158301195im,0.03887166983336801 + 0.016987912861756285im,0.033349336974789895 - 0.0034472786588432003im,0.02215777697238347 - 0.015752429805093046im,0.009800391026970834 - 0.020938734448991414im,-0.0016309545023273087 - 0.021070058350201468im,-0.011797416614990758 - 0.01753363434946109im,-0.020679459347425874 - 0.010336258086259736im,-0.027150459182034625 + 0.0013995382298641057im,-0.02828928625287047 + 0.01799384009274993im,-0.019937177990086014 + 0.03744468648601748im,0.0013964523711022941 + 0.05421754222808123im,0.035730727780224236 + 0.05950450797095794im,0.07696697360692253 + 0.043560407790470324im,0.11186969087693782 + 3.07445785496796e-8im,0.12206676297010804 - 0.06908532737377855im,0.08965637212701355 - 0.14931143175825695im,0.005511037909037675 - 0.21400502743658859im,-0.12239376419814381 - 0.22987403238302573im,-0.264533434439977 - 0.1682689212823536im,-0.37298393723371037 - 0.019238870281926945im,-0.393788462723768 + 0.19682664519352944im,-0.28659098995885846 + 0.42601424843508673im,-0.04562817216903847 + 0.5906807954183474im,0.2867652794408297 + 0.6125251430988875im,0.622628985584422 + 0.4428017520355063im,0.8496993326551726 + 0.08824850064139832im,0.8664305325268846 - 0.3781766189632171im,0.6210993718475961 - 0.827900334141678im,0.14276911343267934 - 1.11118717655898im,-0.4530580514930196 - 1.1101078488620422im,-0.9959111569117196 - 0.7877017769426136im,-1.3159829911621972 - 0.20661629210409485im,-1.2966571816486787 + 0.48575500847494213im,-0.9137446387855233 + 1.0926266202933044im,-0.2583507058685587 + 1.4244029740005146im
0.8619827260850424 + 0.7591515873561997im,1.1189976029406103 + 0.2340438982684272im,1.0712317983999784 - 0.34287749054824573im,0.7425394755094527 - 0.8038553440470357im,0.24157338784337434 - 1.025675663035637im,-0.2804911493432972 - 0.964734020923117im,-0.6786831592658336 - 0.6622764830479829im,-0.8562285143902373 - 0.22586796539820103im,-0.7908797709187316 + 0.20830019460550142im,-0.5349290228414316 + 0.5216071381636923im,-0.18860064368018128 + 0.6484650231587614im,0.1387828244431692 + 0.5879331210015675im,0.3632087673728005 + 0.39246369858796515im,0.4461764762863104 + 0.14247420404384553im,0.39731207081219144 - 0.08301330951031753im,0.2614067120979877 - 0.229748073581385im,0.09699729630358248 - 0.2788631390255447im,-0.04443747989065243 - 0.2438353537932195im,-0.13188719588616882 - 0.15809322700616im,-0.15835959838841027 - 0.05969982541236113im,-0.13604371686049244 + 0.021187980022911335im,-0.08694592098989554 + 0.06881528129178494im,-0.03331734496292746 + 0.08192303053885731im,0.008977071249404056 + 0.06933681986121056im,0.032934185596872334 + 0.043887723684580895im,0.039288046080591915 + 0.01716987390790381im,0.03335879722887916 - 0.003448261200552021im,0.021602237148536374 - 0.015357488826701182im,0.009110928144126021 - 0.019465683572247705im,-0.0014105028410655585 - 0.01822211041767058im,-0.009326476977780218 - 0.013861264730024369im,-0.014944036312440831 - 0.007469512112347615im,-0.01825238608699659 + 0.0009408649878183306im,-0.01813472925061836 + 0.011534879242252438im,-0.012456673940898721 + 0.0233953070012739im,0.0008635018493952651 + 0.03352542770251962im,0.022072284356901423 + 0.03675826063791504im,0.047753159450197424 + 0.02702644925068698im,0.06991551800044588 - 7.16069642470174e-9im,0.07696695565434994 - 0.043560321880925235im,0.05708202445142023 - 0.09506183436834661im,0.003545251510449432 - 0.13763827743675144im,-0.0795389837876489 - 0.14938453129297385im,-0.1737212036541138 - 0.11049651479238654im,-0.24752327943505414 - 0.012756436458748646im,-0.2640905028146642 + 0.13200241672897173im,-0.19427507470336364 + 0.28872357600981996im,-0.03134452581932079 + 0.4046647882994685im,0.19854530935636353 + 0.42424328599557437im,0.43593242613606575 + 0.309886310003408im,0.6010255543277221 + 0.062027975984957115im,0.6187292150841013 - 0.27054076069699257im,0.44822115643111926 - 0.5972949340652167im,0.10521331323630594 - 0.8104989667291613im,-0.3331136183827685 - 0.8202901049061725im,-0.7439932894866151 - 0.5891313070056129im,-0.9941515923772514 - 0.15440640246479378im,-0.9865128846780562 + 0.37291890171459674im,-0.700013685192632 + 0.8402496121159551im,-0.20152259112520016 + 1.1044448043848107im,0.3738616819392207 + 1.0783909099307294im
0.8814768114264654 + 0.18404894505434066im,0.8534520911005896 - 0.2721576152850653im,0.5994723219452749 - 0.6470000023229032im,0.19761129326593846 - 0.8362422229094579im,-0.2314954460718568 - 0.7949624179435918im,-0.5653510372955244 - 0.5506006145346571im,-0.7197235217877083 - 0.18933811270158654im,-0.6716497007967965 + 0.17690063556889096im,-0.45947968833730246 + 0.44766725169661237im,-0.16394030139499605 + 0.5628914647149211im,0.12173327161011377 + 0.5159400072735445im,0.322130724207917 + 0.34800425217318387im,0.3998443905139742 + 0.12762033791917876im,0.35980218504050143 - 0.07519839675762995im,0.23925778033791767 - 0.21027700319863601im,0.08973483451367288 - 0.25795768400071417im,-0.041540303027777614 - 0.22796226958799126im,-0.1246077107365435 - 0.14936794062877012im,-0.15119431972716563 - 0.05699778310528103im,-0.13123924536791143 + 0.020440210984665915im,-0.08472884614000462 + 0.06706066254292548im,-0.03278390340514781 + 0.08061126798551485im,0.00891186959355815 + 0.06883349765938743im,0.032934182247283464 + 0.043887736403500605im,0.03945963176292025 + 0.01724485853356894im,0.03347137757711749 - 0.003459903664584721im,0.021451507422359503 - 0.015250337114189091im,0.008818019227633478 - 0.018839882940505703im,-0.0013017542567499846 - 0.016817205999575785im,-0.008007305177714863 - 0.011900680235151617im,-0.011728288822723712 - 0.005862181384053693im,-0.013094362609297229 + 0.0006749793833298046im,-0.012102901478922137 + 0.00769824020239919im,-0.00792733235014717 + 0.014888599129263158im,0.000535599485558938 + 0.020794513345004706im,0.013549326214437024 + 0.022564478809001462im,0.029284859865162202 + 0.016574106320982im,0.04306329820448951 + 1.3058176484559425e-9im,0.04775316183205067 - 0.027026460648715972im,0.0357307332769875 - 0.0595045205486245im,0.0022406145054565535 - 0.08699392572637155im,-0.05078383161535743 - 0.09537876180249028im,-0.11207130265714547 - 0.0712848462509656im,-0.16136663103958915 - 0.008318452234691215im,-0.17399537161092815 + 0.08696815991499882im,-0.1293536888750971 + 0.19225109753736552im,-0.02107417232967909 + 0.2723081652684773im,0.1350344558643282 + 0.2884919379319924im,0.2995802312407241 + 0.21298140346898797im,0.41747645711219084 + 0.04317523952551572im,0.43452531176031406 - 0.18986216100075964im,0.3181881720130247 - 0.42399911163219406im,0.07522195344742603 - 0.5814814687870387im,-0.2418157975672767 - 0.5942580084996354im,-0.5446851668122693 - 0.43099355001396433im,-0.7352408401785098 - 0.11460400972034196im,-0.7383705237549143 + 0.27805276557056274im,-0.5305340357840481 + 0.6355302400046174im,-0.1540462048237691 + 0.8454417473977405im,0.2902273232540503 + 0.8331938968936556im,0.6733397260276623 + 0.5911735441345403im
0.670789527798446 - 0.2142217974758005im,0.47558185092021205 - 0.5140655644767468im,0.15816751122000194 - 0.670722174568263im,-0.18753289479429433 - 0.6443066827184594im,-0.4630301200194085 - 0.4514067129435715im,-0.5962532696419267 - 0.15712450585644971im,-0.5625248077946489 + 0.14812202751090942im,-0.3887801141025254 + 0.37894904288373904im,-0.14007377422373024 + 0.48137281471735865im,0.10523338377645125 + 0.4458301624568966im,0.2813264375751161 + 0.303953795592259im,0.35296425005070975 + 0.11269192730782372im,0.3210356711247261 - 0.06708005679760169im,0.21575294098032247 - 0.18961985549984203im,0.08177443174887424 - 0.23509046380582568im,-0.03826310774293347 - 0.20995962353093173im,-0.11598735198808555 - 0.1390338060656853im,-0.14222584761838583 - 0.053617342349132374im,-0.12475543661320287 + 0.019429959580791398im,-0.08138144567557365 + 0.06441112703287262im,-0.03180911098592851 + 0.07821441037355154im,0.008731074602218863 + 0.06743689825301552im,0.032552946656606296 + 0.043379695752728306im,0.039288046401495046 + 0.017169873265900387im,0.03347137651260186 - 0.003459902319607716im,0.021430310593319346 - 0.015235269000253918im,0.008718415602158552 - 0.018627081783302475im,-0.0012544266709646479 - 0.01620577583905411im,-0.007357816708243765 - 0.010935394108311736im,-0.010025613037359604 - 0.0050111314066704216im,-0.010231955078254425 + 0.0005274267508122849im,-0.008644935071366003 + 0.005498743613034512im,-0.005267602649091757 + 0.009893266252545767im,0.0003393700376057296 + 0.0131759302963467im,0.00836757632332924 + 0.013935007111291586im,0.017898680747583835 + 0.010129963998974229im,0.02629394645899979 - 2.0076469653407258e-10im,0.02928485958368994 - 0.016574104974034942im,0.022072283354511973 - 0.03675825834425937im,0.001396458569002501 - 0.05421755094619428im,-0.03195830676064825 - 0.060021951000866006im,-0.07124441833941494 - 0.04531605381421705im,-0.10364928252632291 - 0.0053427308485023695im,-0.11293726038847762 + 0.056449833155957675im,-0.08485133789713276 + 0.1261081134399224im,-0.013974320458378042 + 0.18052250157340105im,0.09047035382047915 + 0.19329452254194557im,0.20286695999380205 + 0.14422228457766845im,0.2857127733510208 + 0.029529756437859073im,0.3005136886055228 - 0.1313406607518244im,0.22238160731004436 - 0.2963502127934967im,0.05319046743776755 - 0.4107379167494669im,-0.17255236486458705 - 0.4243665281269506im,-0.393120820190917 - 0.31117998775621236im,-0.5364573846377994 - 0.08353503925321304im,-0.5442343828983716 + 0.205249366870281im,-0.39486871369619375 + 0.47346771496868456im,-0.11590976429078707 + 0.6361230547878125im,0.2203811394269369 + 0.6338714603447566im,0.5176186916569097 + 0.45513311438860626im,0.6856117775911849 + 0.14335092358716714im
0.3740753211354111 - 0.4040676372413204im,0.12586449452140508 - 0.5331208524777865im,-0.15068218182265714 - 0.5176665856219026im,-0.37601830202328057 - 0.3664056299691909im,-0.4891705506114581 - 0.12878284691461886im,-0.46632927432094246 + 0.12282430821824884im,-0.3257905857922805 + 0.3174884036896497im,-0.11869251255968429 + 0.407683877620907im,0.0900607670384307 + 0.38166425754195255im,0.24340522746026205 + 0.2629720878290087im,0.3086253152271392 + 0.09851754071846427im,0.28368214762717037 - 0.059285416737994034im,0.19268194425353546 - 0.1693443506423068im,0.07381278363966082 - 0.21219266061667746im,-0.03490275117169688 - 0.19153304701185256im,-0.10693434844539751 - 0.12818287512243104im,-0.1325189466139349 - 0.049957694950280726im,-0.11747203182375845 + 0.018295893154910262im,-0.07743719443470937 + 0.06128948039757607im,-0.030582562858917854 + 0.07519844709167779im,0.008479805779596422 + 0.06549640720207214im,0.03192398981766993 + 0.04254158590228821im,0.038871669275028976 + 0.016987913978819276im,0.03335879818346965 - 0.0034482624066561607im,0.021451507491254893 - 0.01525033717166066im,0.008718415420775005 - 0.01862708168672618im,-0.0012414847266779099 - 0.016038574513399736im,-0.007097318291781063 - 0.01054823427225561im,-0.009221527834610596 - 0.0046092247033458975im,-0.008755164466423243 + 0.00045130003256681206im,-0.006761848454059677 + 0.004300973977909177im,-0.0037662986951646354 + 0.007073610521360046im,0.00022572853532853217 + 0.00876388173966956im,0.005307152180883207 + 0.0088383066024241im,0.011064512333710183 + 0.006262087516973713im,0.016086552103168783 + 2.6815143855385415e-11im,0.017898680777001595 - 0.010129964139784828im,0.013549326368555728 - 0.022564479161642143im,0.0008635011169618456 - 0.033525426672264436im,-0.019937179607505406 - 0.037444684988960523im,-0.04487844227697757 - 0.02854562103755804im,-0.06595550420190055 - 0.0033998314661206896im,-0.07261400392390041 + 0.03629482219201961im,-0.055130446905048786 + 0.08193639157557386im,-0.009175144173221876 + 0.1185336984632527im,0.060036014230168855 + 0.12826773959550516im,0.1360523912311321 + 0.09672251090346567im,0.19365457649237816 + 0.020018553458832133im,0.20586575950858618 - 0.08996681406165835im,0.1539726765547802 - 0.20518025628740508im,0.03721001152207508 - 0.28741818044576306im,-0.1220534670535895 - 0.3000948272272874im,-0.28096462376368414 - 0.22236593896776868im,-0.38744878898707025 - 0.06034514988890019im,-0.39731393724254116 + 0.1497625516965923im,-0.2914506283981883 + 0.34932253639458644im,-0.08647566634007306 + 0.47448296752966473im,0.1662282450140068 + 0.4777910709325516im,0.3943647526102746 + 0.3465328398998554im,0.5276609000136122 + 0.11023339520532466im,0.5217536726761588 - 0.16654360479508767im
0.09994161585517983 - 0.42356151308939843im,-0.12098737259216992 - 0.4156284488408664im,-0.3051085088527382 - 0.29736766375254775im,-0.4012277061744159 - 0.10568160733290806im,-0.3866176575597132 + 0.10180982921049694im,-0.27296473202860505 + 0.2660300912031361im,-0.10047967304789121 + 0.34522018947417754im,0.07708378847897054 + 0.3266066394667303im,0.2105139953182789 + 0.2274389441533144im,0.26977413592078114 + 0.08612438754754137im,0.2506258803699911 - 0.052371122996093415im,0.17204614936991786 - 0.15120654079101795im,0.06660827727116067 - 0.19148593454643176im,-0.031833512218135275 - 0.17468270886668402im,-0.09856600515231069 - 0.11815102585985662im,-0.1234486040644579 - 0.046538454147184494im,-0.11059509353348768 + 0.017224622381451574im,-0.073676539768451 + 0.05831289946925217im,-0.029403791370271954 + 0.07229996626086174im,0.008237829419596445 + 0.06362738691304914im,0.03132861208593074 + 0.04174819265658079im,0.03851804303374693 + 0.016833377169713865im,0.03334933620800007 - 0.0034472776900290533im,0.021602237028667287 - 0.015357488726698055im,0.00881801939029879 - 0.018839883027118184im,-0.001254426661076967 - 0.01620577584193221im,-0.007097318314323779 - 0.010548234270509283im,-0.008987776330153102 - 0.00449238839711863im,-0.008136925568252268 + 0.00041943050682900426im,-0.005846221396998183 + 0.0037185731603881847im,-0.00297661549915711 + 0.005590474947075784im,0.00016307470199696666 + 0.006331434008708295im,0.0035668159497719964 + 0.005940026511795106im,0.007090848285074475 + 0.004013147178485527im,0.010047968792635337 - 3.157425709776618e-12im,0.011064512331023305 - 0.006262087504107401im,0.008367576302750033 - 0.013935007064185753im,0.0005355995621294518 - 0.020794513452718086im,-0.012456673692200146 - 0.02339530723146374im,-0.028289287167485223 - 0.017993839543553047im,-0.041979991297095356 - 0.0021639554831722405im,-0.04668840178806445 + 0.023336375807488527im,-0.03581605183486858 + 0.05323076778480813im,-0.006023606286125666 + 0.07781760450239436im,0.03983127043927992 + 0.08510050481437936im,0.0912248713103424 + 0.06485376930931704im,0.1312305216400796 + 0.013565078019523419im,0.14099063552933006 - 0.061616800431161856im,0.10657332438488212 - 0.14201893836361607im,0.026031598777523868 - 0.2010602432554587im,-0.08628698215601104 - 0.21217209278784688im,-0.20076468191947952 - 0.1589022912573763im,-0.2798201395571453 - 0.043581061479904384im,-0.28999489218315366 + 0.10932798719494238im,-0.21496672387288254 + 0.25769131390840844im,-0.06445425189972896 + 0.353710438112254im,0.12521462588448778 + 0.35998259599715987im,0.3002820560219667 + 0.263928981267352im,0.4061469110818935 + 0.08488423652203976im,0.4058990263838521 - 0.12958006864067334im,0.29405007205366807 - 0.3177154038870339im
-0.09862899975590501 - 0.3388400433676151im,-0.25139657651558966 - 0.2450005498883479im,-0.33409789402453205 - 0.08798063214783824im,-0.3253467136620272 + 0.08568477776998919im,-0.23215995850162474 + 0.22625601034895437im,-0.08638236995141628 + 0.29674765351744903im,0.0669627143818814 + 0.2837547171857081im,0.18484451599343762 + 0.19970620657230853im,0.2394037127969369 + 0.07642507272257174im,0.2247783335834402 - 0.0469730779552166im,0.15594735419366434 - 0.137058828887976im,0.06102046130490817 - 0.1754200621521249im,-0.029473041192506037 - 0.16173427663261902im,-0.0922325899187579 - 0.11055967628279648im,-0.11674758522961272 - 0.04401223484343811im,-0.10570518924599767 + 0.01646315099692737im,-0.07116738906473843 + 0.05632704402950795im,-0.028703362933055438 + 0.07057770579037462im,0.00812627363823203 + 0.06276588227170514im,0.03122612909809422 + 0.04161164699644457im,0.03878277108824066 + 0.016949078415830633im,0.0339054035392438 - 0.0035047529768850727im,0.02215777711512599 - 0.015752429924177254im,0.009110928013284218 - 0.01946568350258496im,-0.0013017542739874738 - 0.016817205994555606im,-0.007357816687987134 - 0.010935394109879037im,-0.009221527833540834 - 0.00460922470320785im,-0.00813692557040771 + 0.0004194305060810366im,-0.005574705645008719 + 0.003545870684445857im,-0.002640482680018194 + 0.00495916996207478im,0.00013223268182146336 + 0.0051340531439631396im,0.002643849224293015 + 0.004402959055713973im,0.004889540602532675 + 0.002767292574256604im,0.006606855677010914 + 3.3201219551415306e-13im,0.007090848285285722 - 0.0040131471794892445im,0.005307152183309339 - 0.008838306607978963im,0.0003393700305946712 - 0.013175930286494174im,-0.007927332383404886 - 0.014888599098471532im,-0.018134729154869418 - 0.011534879299748349im,-0.027150458922793996 - 0.0013995383200402223im,-0.030489548253606728 + 0.015239656014849182im,-0.023627472097880728 + 0.03511576821225064im,-0.004015066397672615 + 0.051869834605835496im,0.026829425649491135 + 0.05732167721887067im,0.06209795930677332 + 0.04414679060060268im,0.09027979473191335 + 0.009332161497358715im,0.09802716488629935 - 0.04284028334129522im,0.07488765738005908 - 0.09979432667840396im,0.018486848879413792 - 0.1427884649083889im,-0.06193349100920957 - 0.15228573178645527im,-0.14563510087640558 - 0.11526576425470242im,-0.20514349738720775 - 0.03195016517190152im,-0.21487203614268974 + 0.08100290115414284im,-0.16098580371492907 + 0.19297150829224852im,-0.04878728575576141 + 0.2677119796687716im,0.09578743293024622 + 0.2753656872147284im,0.23215250929320935 + 0.2040290067343447im,0.317323737702724 + 0.06630792416213394im,0.32050412984810106 - 0.10231609473395145im,0.2346816953342185 - 0.25354288709237893im,0.08063318070777672 - 0.34164515461430356im
-0.21491226189353635 - 0.20944938569078186im,-0.2886645654957906 - 0.07602299070630131im,-0.2841091058986249 + 0.07482002062121651im,-0.20489561034818884 + 0.19968611147808266im,-0.0770465313692707 + 0.26469067895801546im,0.060368031401027464 + 0.255795684571015im,0.1684087040063993 + 0.1819481115422314im,0.22044307156443346 + 0.0703736725896228im,0.2091858048616154 - 0.04371313474864712im,0.14667813030824967 - 0.12891159602489427im,0.05800523016575122 - 0.1667526614744252im,-0.028315884231313256 - 0.1553821319853503im,-0.08955505155835386 - 0.10734978533239489im,-0.11456665560612164 - 0.04319005100982296im,-0.10483597678161997 + 0.016327714383755455im,-0.07133371465392882 + 0.05645863899949363im,-0.029076254114530194 + 0.07149458174942588im,0.008319071403794983 + 0.06425496116122398im,0.032303619085756005 + 0.04304749067740175im,0.04053865345159762 + 0.017716443090814278im,0.03580114293982212 - 0.0037007120728039383im,0.02362442532682081 - 0.01679509975377598im,0.0098003911226239 - 0.020938734499921507im,-0.0014105028201816666 - 0.018222110423746864im,-0.008007305194280168 - 0.011900680233868319im,-0.01002561303927927 - 0.0050111314069228585im,-0.008755164464446411 + 0.000451300033259997im,-0.00584622139690745 + 0.003718573160437333im,-0.002640482680178892 + 0.004959169961937196im,0.00012301266664938373 + 0.004776107204539776im,0.002248268304031749 + 0.0037441766545439014im,0.003800822245436923 + 0.0021511205093741603im,0.00477769108934874 - 2.3763814267080408e-14im,0.004889540602530187 - 0.002767292574200289im,0.0035668159495064605 - 0.005940026511207348im,0.00022572853588570356 - 0.008763881740450223im,-0.005267602645100407 - 0.00989326625623529im,-0.012102901487832579 - 0.007698240197048085im,-0.018252386122283682 - 0.000940864975545852im,-0.02067945925992857 + 0.010336258074936613im,-0.016181266671131418 + 0.024049021860469928im,-0.0027777025933073823 + 0.035884557688973986im,0.01875433091245271 + 0.04006906423927924im,0.04386495233311508 + 0.031184553087485647im,0.06444785371424952 + 0.006661918315310808im,0.07072223879572577 - 0.030907409390906415im,0.0546032662108158 - 0.07276371279030236im,0.013623077231322112 - 0.10522160477864112im,-0.04612549020317821 - 0.11341667917822931im,-0.10962004631026784 - 0.086761444251477im,-0.15605976738328797 - 0.024305758612393015im,-0.1652038160508174 + 0.06227958388119494im,-0.12509204969836654 + 0.1499485327479155im,-0.03831276990359045 + 0.21024158494295925im,0.07602564780778168 + 0.21855813301192373im,0.1862238602455934 + 0.16366886406433556im,0.2572660503661112 + 0.05376210969928252im,0.26261946149756327 - 0.08383711484849737im,0.19434326309233166 - 0.2099694502548567im,0.06747955325355481 - 0.2859402475951438im,-0.0834290411470197 - 0.28661053464094405im
-0.2652753799390449 - 0.06986090438382438im,-0.2638711824086528 + 0.06949217294470528im,-0.1923296763511912 + 0.1874398415983735im,-0.07309445338026899 + 0.2511082885628751im,0.05788026562774744 + 0.2452602195004755im,0.16319469157841318 + 0.17631547221167787im,0.2158968186171994 + 0.06892177839991342im,0.2070558885182299 - 0.04326880216109261im,0.1467327448081941 - 0.12896007064161227im,0.058645857647389533 - 0.16859421708431593im,-0.028933797931892394 - 0.15877386274338784im,-0.09248581179789489 - 0.11086304476594713im,-0.11957770670466344 - 0.04507913841743867im,-0.11058789000554481 + 0.017223602149917007im,-0.07604928888732891 + 0.06019094073686927im,-0.0313283848669627 + 0.07703232805068067im,0.009058725758455864 + 0.06996783002983281im,0.035548437802653335 + 0.04737149194728593im,0.04508048889223332 + 0.019701334988813775im,0.040226632616763326 - 0.004158174959193346im,0.026814857165131146 - 0.01906325076820503im,0.011232194825919563 - 0.023997820931101126im,-0.001630954527429243 - 0.021070058342897484im,-0.009326476962940904 - 0.013861264731173648im,-0.01172828881988576 - 0.00586218138368752im,-0.010231955080230837 + 0.0005274267501271523im,-0.006761848454257496 + 0.004300973977782551im,-0.002976615498987756 + 0.0055904749472452525im,0.00013223268183708628 + 0.0051340531439698495im,0.0022482683040198296 + 0.0037441766545257965im,0.0034743651411359364 + 0.0019663585787055102im,0.0039922148231177 + 2.8484159475539172e-15im,0.003800822245444274 - 0.0021511205093821986im,0.0026438492243098972 - 0.004402959055781433im,0.00016307470196252893 - 0.006331434008642681im,-0.0037662986956877066 - 0.007073610520883757im,-0.008644935070499578 - 0.005498743613555211im,-0.013094362604114299 - 0.0006749793851344721im,-0.014944036322413097 + 0.007469512113642038im,-0.011797416649540308 + 0.017533634346782297im,-0.0020448735699795557 + 0.026417344781939862im,0.013946999725136022 + 0.02979807524543457im,0.03296053735109944 + 0.023432356364233145im,0.04893673624379251 + 0.005058539627701628im,0.05427002453213788 - 0.02371737972100795im,0.04234621426938321 - 0.05643010242875747im,0.010677513234983178 - 0.08247084104742226im,-0.03653763820753626 - 0.08984122742450926im,-0.08775954407676873 - 0.06945928753418668im,-0.12627029632589742 - 0.019666075695753862im,-0.1350943912990865 + 0.050928644683431445im,-0.10338457214914182 + 0.12392716248005027im,-0.03200230973152926 + 0.17561112443901095im,0.06418047707337098 + 0.18450521373154533im,0.1588860269850811 + 0.13964096425923153im,0.22183881113312554 + 0.04635751656050728im,0.2288691434907239 - 0.07306318786851085im,0.17117504730448174 - 0.1849366794765732im,0.06007093666518119 - 0.25453845575133266im,-0.07505848333521023 - 0.25785890015006646im,-0.1954160871003318 - 0.19044741402660725im
