0.0 + 0.0im,-5.007895706242151e-16 + 4.042627341614276e-15im,-5.06347924076519e-16 + 2.013219760830337e-15im,8.382662062632963e-16 - 2.163058739662263e-15im,1.15769767046272e-15 - 2.1565365867943087e-15im,-1.9535714188562855e-16 + 2.763125674657163e-16im,-5.501520149296246e-16 + 6.036418980507557e-16im,7.672235042491654e-17 - 6.608841741138769e-17im,-9.489280810098202e-16 + 6.291767741055007e-16im,-1.8784688441244276e-15 + 9.352602796553197e-16im,1.3376701046314204e-15 - 4.715356451242845e-16im,5.205854678949444e-15 - 1.1397065303078762e-15im,1.261656229169245e-15 - 1.1722095982213243e-16im,-7.583359199776675e-15 - 2.3354775831274015e-16im,-6.61115045422432e-15 - 1.0259548263182303e-15im,5.605243155976827e-15 + 1.5943653549968329e-15im,1.0390635104262887e-14 + 4.398435912365342e-15im,-4.952904183904935e-19 - 3.5725578742735783e-19im,-8.717812534955177e-15 - 6.58375744322982e-15im,-3.9408808458953975e-15 - 3.820522491816862e-15im,3.867953312006586e-15 + 4.805955866273812e-15im,3.618327307268934e-15 + 5.844117878587774e-15im,-4.670791654069188e-16 - 1.0144475306810808e-15im,-1.3261358819460763e-15 - 4.170562878227519e-15im,-1.7723303061797487e-16 - 9.44837060763987e-16im,4.39903345259858e-17 + 7.096986541953626e-16im,4.3990334525985995e-17 - 7.096986541953627e-16im,-1.772330306179749e-16 + 9.448370607639873e-16im,-1.3261358819460763e-15 + 4.170562878227519e-15im,-4.670791654069188e-16 + 1.014447530681081e-15im,3.618327307268935e-15 - 5.844117878587774e-15im,3.867953312006586e-15 - 4.805955866273812e-15im,-3.940880845895398e-15 + 3.820522491816862e-15im,-8.717812534955177e-15 + 6.58375744322982e-15im,-4.952904183904935e-19 + 3.5725578742735783e-19im,1.0390635104262887e-14 - 4.398435912365342e-15im,5.6052431559768265e-15 - 1.5943653549968325e-15im,-6.611150454224319e-15 + 1.0259548263182303e-15im,-7.583359199776675e-15 + 2.3354775831274015e-16im,1.261656229169245e-15 + 1.1722095982213236e-16im,5.205854678949444e-15 + 1.1397065303078756e-15im,1.3376701046314202e-15 + 4.715356451242844e-16im,-1.8784688441244273e-15 - 9.352602796553195e-16im,-9.4892808100982e-16 - 6.291767741055007e-16im,7.672235042491646e-17 + 6.608841741138779e-17im,-5.501520149296246e-16 - 6.036418980507556e-16im,-1.9535714188562862e-16 - 2.763125674657163e-16im,1.15769767046272e-15 + 2.1565365867943087e-15im,8.382662062632968e-16 + 2.1630587396622625e-15im,-5.063479240765192e-16 - 2.0132197608303365e-15im,-5.007895706242147e-16 - 4.042627341614276e-15im
6.24118645020264e-5 - 0.0005040253554214789im,313.8745578457608 + 78.94209636271775im,147.40738793358418 + 57.10538166337784im,-147.43061787417025 - 79.16914626585069im,-139.14979903087044 - 98.50272548624008im,18.38045874277417 + 16.75531488173851im,57.76565548386869 + 67.42357984654545im,10.86441547207458 + 16.395128619813228im,-10.960830869876006 - 22.013455169586106im,-4.287279464037995 - 12.167943774075223im,0.608074644324299 + 2.774179709363396im,0.3260802497105857 + 3.5134619922784367im,-0.007873445406052504 + 0.2720431902501659im,0.07921275057422861 - 0.5069860569669515im,0.0384044192245625 - 0.13312169257627104im,-0.01362433862500012 + 0.03349173046038256im,-0.00976545265150719 + 0.01793000972625869im,0.0003518600146612061 + 0.00037681942002442553im,0.0013799724116222087 - 0.0006935789630261313im,0.0004241725030285173 + 0.00031055959474089734im,0.0001640448765828327 + 0.0004957748680252533im,0.00015074189798439455 + 0.0004896947253559825im,0.0001165185375380691 + 0.0004958873478257686im,6.568315519084322e-5 + 0.0005043938023627792im,1.3976355837219678e-5 + 0.0005079778573302551im,-3.706879904097349e-5 + 0.0005065535641861629im,-8.760615654335169e-5 + 0.0005002956831603456im,-0.00013745699598288752 + 0.000489226344667415im,-0.00018672789139628776 + 0.00047313854135211386im,-0.0002339530484558594 + 0.00045248956058863143im,-0.00026563229297948965 + 0.00043813642713175227im,-0.0002800165110841135 + 0.0004407881518559975im,-0.00048711093987208187 + 0.00019771825027170564im,-0.0011691195915659591 - 0.001009224957814303im,-0.00043314419067847464 + 0.00027961483384504094im,0.005097130686498343 + 0.019770396380376032im,0.005043749284570067 + 0.03580334070104042im,-0.004774280830771912 - 0.13846837434192288im,0.046840572396091046 - 0.5109946013315995im,-0.05871942333324891 + 0.26574709373285943im,-1.1732132120669037 + 3.3278092282262968im,-1.2663694201062956 + 2.54207323355039im,7.1257189201541395 - 10.75470830672665im,15.999163936856451 - 18.675084342058433im,-14.535273649943253 + 13.249965506798034im,-72.46649187970493 + 51.29734522812227im,-21.912163756052387 + 11.766006965363202im,158.9732149641886 - 61.587096233700564im,162.2882024756265 - 40.817645013564im,-156.88401924663714 + 19.425939805914375im,-323.64964489514665 - 0.0005078747874819323im
-0.00018045933968019516 + 0.0007175033639897683im,-439.64059386662643 - 170.31688000431387im,-202.8859405080363 - 108.94660936640555im,198.9697107607924 + 140.84864844398487im,183.53695892306126 + 167.3170467126533im,-23.573370887092775 - 27.513818623132565im,-71.44254084997041 - 107.8162727997198im,-12.771806160238324 - 25.647584601416224im,11.905412957042254 + 33.78733477386211im,4.019895062898326 + 18.358860256523243im,-0.3824732446915 - 4.11952520231065im,0.15755475680617792 - 5.137833411657116im,0.060083405204688134 - 0.39188700055907244im,-0.20527862529347374 + 0.7187760269587358im,-0.07935297879599545 + 0.18558073014462906im,0.02569251564518993 - 0.04598044061744133im,0.017327842485030942 - 0.024173462672269608im,-0.00044123124094314347 - 0.0006077622081391368im,-0.0021192078291368847 + 0.0007556763498955191im,-0.000557636084675683 - 0.0005249147352665885im,-0.00014840919579453896 - 0.0007461153829653872im,-0.00013026535689258933 - 0.0007349437649606938im,-7.967959390593748e-5 - 0.0007377699208029886im,-4.663390173353932e-6 - 0.0007409673618470336im,7.073143415525784e-5 - 0.0007368924243624786im,0.00014427312510623125 - 0.0007256952971710362im,0.0002162153867963923 - 0.0007076010920563647im,0.0002863038020421982 - 0.0006826737975043073im,0.0003546553883140291 - 0.0006505950615220968im,0.0004192328898255937 - 0.0006122883943167068im,0.00046246252776427355 - 0.0005858667180191901im,0.0004837326916060647 - 0.0005871253164198009im,0.0007396179696996796 - 0.00019864224402283808im,0.0015095423275113262 + 0.0016683436487987535im,0.0006762584885288061 - 0.00032670225942899554im,-0.003829731093278552 - 0.02949480602593594im,-0.0008823693886941822 - 0.052664292493275006im,-0.01788610573219559 + 0.2010402692660152im,-0.15919533505262412 + 0.7303664396934477im,0.13246500231275243 - 0.3736822981497282im,2.29186822113782 - 4.601032028172713im,2.285884422997994 - 3.448406310177579im,-12.227035068376502 + 14.272593305771522im,-26.47338437733765 + 24.13467978673999im,23.385823993560756 - 16.55357558425679im,113.94893366320525 - 61.18844531888141im,33.785037526508866 - 13.087599838757916im,-240.8549156619321 + 60.578205757956056im,-241.92932954168313 + 29.95808866136675im,230.28692656709637 + 0.0007398490728792268im,467.90454284999475 + 57.93988410534888im
0.0002254535474070203 - 0.0005819626905078368im,350.39669664431926 + 188.15834387646876im,158.55550359641626 + 112.23835242410459im,-151.96988465792458 - 138.53969956387698im,-136.30629058512284 - 159.09833971174112im,16.88265245671856 + 25.47734910505165im,48.63266960043711 + 97.66616652005749im,8.033405163416692 + 22.795270621575693im,-6.464293385257815 - 29.51978315602738im,-1.4621744749349546 - 15.786139605536874im,-0.1068513446719459 + 3.488377015169207im,-0.6645062608026677 + 4.284889231356328im,-0.09092426024145084 + 0.32184619603150244im,0.24636335041947177 - 0.5804552629034525im,0.0856696350247006 - 0.1471359460035231im,-0.026275414513236228 + 0.03582990321924662im,-0.017012198987913507 + 0.018440944918694413im,0.0003063811422450917 + 0.0005545378038389452im,0.001852465957248216 - 0.000412942039379258im,0.00041241964967131005 + 0.0004972476302208644im,4.689814133184214e-5 + 0.0006400074352125168im,3.286681846351169e-5 + 0.000628774073967997im,-9.77485660892674e-6 + 0.0006258961308009681im,-7.290736668652542e-5 + 0.0006207964658313525im,-0.00013560296372649994 + 0.0006095693600958185im,-0.00019600886726767186 + 0.000592571898443417im,-0.00025436080576035636 + 0.0005699662370410863im,-0.00031045242299931886 + 0.000541832318703861im,-0.00036434868050605473 + 0.0005078914993319472im,-0.0004144397904966013 + 0.00046912810022625706im,-0.0004478912264147539 + 0.0004425274151902414im,-0.00046582836566244623 + 0.000441376128196514im,-0.0006397753610372092 + 8.962511147636576e-5im,-0.0010907916082203428 - 0.0015531660948511217im,-0.0006000080988764606 + 0.00020340074115149078im,0.00014858249716907085 + 0.025089067083886814im,-0.004720684082138323 + 0.044180250274735586im,0.03581422162810401 - 0.1664500360492166im,0.2089854691134094 - 0.5949355312650738im,-0.14963254108052004 + 0.29910248686727847im,-2.395635156390671 + 3.6142463243537293im,-2.2711403019866836 + 2.6499270062608975im,11.715613457755932 - 10.68103736296709im,24.664519768842716 - 17.460416693822996im,-21.29383256491132 + 11.433838197560966im,-101.73724741919106 + 39.41255032036344im,-29.64040981558809 + 7.4542187624868im,207.91542259087623 - 25.746137593159375im,205.64069197948805 - 0.0006241072625554739im,-192.78842011035016 - 23.873008753523415im,-385.7077399701419 - 97.01003410324063im
-0.0001475598707656015 + 0.00027479140997225073im,-162.23148519296274 - 114.84090842758914im,-71.74610576547582 - 65.40479535806043im,66.86452893702992 + 78.0450902054992im,57.83321149504509 + 87.27963812238556im,-6.808649513750875 - 13.672911754671766im,-18.122333371074156 - 51.42650927396721im,-2.5843840002860263 - 11.799200110066911im,1.393163398152707 + 15.038007839112122im,-0.24430284905349442 + 7.919292518187779im,0.26723305379521767 - 1.7235773430799748im,0.5927322171679883 - 2.084377394487249im,0.06486204129935835 - 0.1540428221210821im,-0.1578379829079708 + 0.27275959734642896im,-0.05152610923912704 + 0.06771402796483095im,0.01523237053305948 - 0.01615695469906786im,0.009570130927521348 - 0.008101404806577506im,-0.00011789988090581322 - 0.0002938518966213061im,-0.0009441331690548218 + 9.103927288547572e-5im,-0.00017401054049407836 - 0.0002719498630490147im,1.6045684188881887e-5 - 0.00032030641938334686im,2.2314942772425073e-5 - 0.00031387324965159724im,4.3287299248413735e-5 - 0.00030982704186502397im,7.428610299664573e-5 - 0.00030342048187537163im,0.00010469189474726637 - 0.00029400171175741896im,0.00013360767632786263 - 0.0002818616238253746im,0.0001611603213973467 - 0.00026706616589411425im,0.00018725239256855986 - 0.0002496676607348647im,0.00021189899614526553 - 0.00022952391891095658im,0.00023436217322547748 - 0.00020722200150058434im,0.00024931949680961907 - 0.00019197437859400947im,0.0002581451212861907 - 0.000190301767276857im,0.0003228153819918589 - 5.159977146007577e-6im,0.00044561553738731163 + 0.0008373185672212458im,0.00031007940645332797 - 6.403187299141392e-5im,0.0014671452593953795 - 0.012452616214997627im,0.005054648037439973 - 0.021622276254411377im,-0.027985357287787494 + 0.080355144788755im,-0.1401888777788442 + 0.28223696664356546im,0.0925829442578443 - 0.13915701161312807im,1.4101374526367416 - 1.6454400531740796im,1.2891680057708026 - 1.1748098635593276im,-6.466596795813491 + 4.577991235362434im,-13.305253866407945 + 7.145124461728186im,11.263364553890625 - 4.363116182786974im,52.87940297686974 - 13.299382080668387im,15.158631356172823 - 1.8767310568633058im,-104.70155482373656 + 0.0003119042071830033im,-101.99219706842106 - 12.629056667533906im,94.15162918654701 + 23.6804068769849im,185.34264511815203 + 71.80245773645326im
1.2576330862956759e-5 - 1.7766056302718668e-5im,10.250967767219272 + 9.344962422151232im,4.408086819868794 + 5.145107409556664im,-3.9615947601510735 - 5.978685778203236im,-3.2569072673930495 - 6.540800355656563im,0.3542950923612861 + 1.005350971672188im,0.8140840729281273 + 3.7171197570783674im,0.07779945390924337 + 0.8393539099409464im,0.032478276355948965 - 1.0534516638566513im,0.08483589568074013 - 0.5463800237106125im,-0.03328947325248549 + 0.11707990140969686im,-0.05892715286684691 + 0.13927674353212782im,-0.0058132948834278 + 0.010112455847810203im,0.01327074855164767 - 0.0175371916082534im,0.004149316807082304 - 0.004247856537321293im,-0.0011935272997845026 + 0.000988367028477155im,-0.0007322868436174801 + 0.0004790143658466306im,5.645444700644306e-6 + 2.1362735323651828e-5im,6.616962503662953e-5 + 1.7916897200089812e-6im,9.719394571265898e-6 + 2.0327047711726602e-5im,-3.858245182950144e-6 + 2.204620664692826e-5im,-4.23727119566817e-6 + 2.1546892287904046e-5im,-5.655076467460211e-6 + 2.1086800441379e-5im,-7.74705203963888e-6 + 2.037724815630998e-5im,-9.772123982836056e-6 + 1.9464161597052e-5im,-1.1670662595469894e-5 + 1.837538007418149e-5im,-1.3452020474535864e-5 + 1.7114382939553696e-5im,-1.510989801750684e-5 + 1.5685629593767403e-5im,-1.6644122038611542e-5 + 1.4079142714173987e-5im,-1.8008617540643534e-5 + 1.2341909780746269e-5im,-1.8913769583406292e-5 + 1.1157614180745679e-5im,-1.9510671249722833e-5 + 1.0966083639707414e-5im,-2.2401832630247753e-5 - 2.411098222632191e-6im,-2.3681632577599032e-5 - 6.181269860361382e-5im,-2.2024649194410717e-5 + 1.7754814107111768e-6im,-0.00020840547624217059 + 0.0008498623073746279im,-0.0005355082193959459 + 0.001454169091017016im,0.002627339374774493 - 0.005325242054306409im,0.012129683059667745 - 0.018344935145638796im,-0.0076055311209599396 + 0.008843758083740109im,-0.11177475620607881 + 0.10186669970593218im,-0.09936051199440338 + 0.07030918147541164im,0.4871251251715383 - 0.2616053744336613im,0.9827732972418217 - 0.380751746871683im,-0.8174973841552424 + 0.20558640047694204im,-3.7763827311668736 + 0.4675955880910538im,-1.0659529015109945 - 2.1766875167274863e-5im,7.251433622207059 + 0.8979001412627645im,6.955479036152422 + 1.7493507526480334im,-6.317679680260818 - 2.447505490289127im,-12.220701085166002 - 6.562402595315955im
8.260814559895529e-5 - 9.061681904549872e-5im,50.83989974973458 + 59.340395437195504im,21.082083080187203 + 31.815833700492902im,-18.008863819740064 - 36.1669491101876im,-13.680101370786502 - 38.82167765129169im,1.2847526023569174 + 5.865786535471027im,1.9779832958964363 + 21.344510295134594im,-0.1461109221154347 + 4.74635382504483im,0.9108428925417071 - 5.866948095885279im,0.8525247410712389 - 2.995865600242441im,-0.2671588201400117 + 0.6315022372165783im,-0.42585508856326726 + 0.7378478888236142im,-0.039500351392674826 + 0.05251039082361508im,0.0863319248860357 - 0.08885660466691281im,0.026137840048512828 - 0.02087565177173012im,-0.007356752980852477 + 0.004699329854343404im,-0.0044255319833794715 + 0.0021710419984213303im,1.677273516387709e-5 + 0.00012333876098925386im,0.0003686878834654537 + 5.5823668366432495e-5im,4.026555031403029e-5 + 0.00012036890162257221im,-3.683178186915728e-5 + 0.00012058068920292077im,-3.8605107647256276e-5 + 0.00011752683289525251im,-4.6212990026151674e-5 + 0.0001139731416934138im,-5.741719878465945e-5 + 0.00010855811003865345im,-6.810647573191053e-5 + 0.00010205151386957767im,-7.796672706628094e-5 + 9.46502714741504e-5im,-8.705264810338065e-5 + 8.636736002409773e-5im,-9.533210731760278e-5 + 7.723207127885434e-5im,-0.00010279722953399073 + 6.71887458496325e-5im,-0.0001092229555883506 + 5.653196836358232e-5im,-0.00011346345420193416 + 4.9284433138119255e-5im,-0.00011666790515718617 + 4.7800446357548765e-5im,-0.00012357066537660444 - 2.8987543492675627e-5im,-8.960376059974351e-5 - 0.0003619643676486817im,-0.00012436021233587627 - 5.320920499591118e-6im,-0.001753444140149226 + 0.004606971927666788im,-0.004000487813136585 + 0.007758969825829706im,0.018374904300361667 - 0.027952502772543207im,0.08051185297784408 - 0.09416230125445704im,-0.048641758132455984 + 0.04417689747342009im,-0.6954074094179787 + 0.49211848006680947im,-0.6041580539528502 + 0.32428684313744693im,2.904424706487516 - 1.1253116249286204im,5.757878750198417 - 1.4482910732028844im,-4.712625301302538 + 0.5834259195495769im,-21.43596365090491 - 0.0001226193851397763im,-5.959306139155429 - 0.7380455736609262im,39.91831172927442 + 10.039731961574844im,37.67431560178251 + 14.594976120368578im,-33.62532218277802 - 18.056555849931968im,-63.77817391686425 - 45.14778476333045im
-9.946536021741666e-5 + 8.521670346784873e-5im,-46.10458273891884 - 69.5785595469045im,-18.1721960595766 - 36.49439552822517im,14.343214384429462 + 40.70348088987092im,9.40594415917299 + 42.94946610941081im,-0.5919552514286074 - 6.386794997572517im,0.704989626532658 - 22.886341995269053im,0.7779193858896634 - 5.012293894587872im,-1.7356848594235041 + 6.099820906693664im,-1.2969900554855451 + 3.0639240737420863im,0.36610169111756363 - 0.6343686858131974im,0.5482905314268125 - 0.7262713445964888im,0.04876597691542406 - 0.050479730950638735im,-0.1031817765338161 + 0.08286194794736534im,-0.030448220497447664 + 0.01869868751616366im,0.008415541038603536 - 0.0040159382845184055im,0.004976361582688327 - 0.0017205405478577518im,-1.5901988344287836e-6 - 0.0001329495508257951im,-0.00038350771301651145 - 0.0001075729786010715im,-2.6884095899048274e-5 - 0.000132885078958631im,5.487236897672512e-5 - 0.00012298938704005669im,5.6351355368668143e-5 - 0.00011951930570677088im,6.39497764409469e-5 - 0.00011475348916601888im,7.511623033273906e-5 - 0.00010754244639432642im,8.559353532189284e-5 - 9.924186014440006e-5im,9.507457812918396e-5 - 9.010170742140833e-5im,0.00010361904312672365 - 8.012856536870894e-5im,0.00011119671361203842 - 6.935770308108006e-5im,0.00011779193519068087 - 5.773115138540952e-5im,0.0001232047978332318 - 4.5590733420697305e-5im,0.00012674867880235752 - 3.735119959102917e-5im,0.00012995082918365597 - 3.535743477378617e-5im,0.00012718865082916864 + 4.694939748972615e-5im,4.747302043028867e-5 + 0.0003954698774784049im,0.00013113223242245076 + 2.1964731199747474e-5im,0.0024635111011501445 - 0.004653552130682099im,0.005259285317375883 - 0.007699935663882676im,-0.023147900306924932 + 0.02721965755972902im,-0.09770853936682403 + 0.08925033759660397im,0.05736262106620485 - 0.040445685131785244im,0.8017794580621526 - 0.4303978083864335im,0.6830181761445759 - 0.26446218791282883im,-3.2266114297226123 + 0.8116604063696268im,-6.293871978808932 + 0.7794822251551725im,5.072302104519266 + 0.00013097803034339286im,22.723632467454344 + 2.813927465658846im,6.220409298231709 + 1.56463079452749im,-40.99838611337193 - 15.882718933097678im,-38.02164501818242 - 20.4170435063727im,33.27503835911045 + 23.555072421836467im,61.683071897586885 + 56.23172716028806im
6.555067184451632e-5 - 4.343545042945363e-5im,22.33665082704017 + 44.85786555642134im,8.13486336060752 + 23.08482931183502im,-5.542937103702583 - 25.310192044446257im,-2.435504484650551 - 26.28413143368791im,-0.11850951591771965 + 3.8490572892447275im,-2.1085689407447084 + 13.584139631407117im,-0.8333002398527289 + 2.929033898076912im,1.4841927765043854 - 3.506342265854478im,0.9988252654100014 - 1.7298588367379721im,-0.264933725051526 + 0.35095943599787605im,-0.38026602612276506 + 0.39227529571186404im,-0.03278009341972399 + 0.02647897665093646im,0.06759125853974268 - 0.04175824682292095im,0.019521237798124425 - 0.008894635948752061im,-0.00531044244069534 + 0.0017718919343181483im,-0.003091957495247044 + 0.0006579845540830576im,-8.861354909447868e-6 + 7.933139642314662e-5im,0.00022056519377881964 + 9.238884225444381e-5im,6.2140252661073946e-6 + 8.115913037424864e-5im,-4.1768066163686696e-5 + 6.923119857104622e-5im,-4.2393259003181694e-5 + 6.705453531722846e-5im,-4.6568939244550495e-5 + 6.365436324655416e-5im,-5.269012144637486e-5 + 5.853403078628916e-5im,-5.8320309614889876e-5 + 5.281537035947692e-5im,-6.329496228485443e-5 + 4.6669981783417636e-5im,-6.765012589560193e-5 + 4.00973804211551e-5im,-7.13703988106662e-5 + 3.312080967324271e-5im,-7.444217694452249e-5 + 2.5706885274923152e-5im,-7.677156900665061e-5 + 1.8074021549074892e-5im,-7.827518505543196e-5 + 1.2903275533382441e-5im,-8.003599491779312e-5 + 1.1479099408795435e-5im,-7.231775173544008e-5 - 3.735721266728831e-5im,8.918020455439546e-7 - 0.00023913156958954573im,-7.651075167328317e-5 - 2.2761787002167056e-5im,-0.0018111429590422098 + 0.0025909276346038224im,-0.003701680503825447 + 0.004199757301371858im,0.01580022204820847 - 0.014510212164507536im,0.06480151765579917 - 0.045968388249053624im,-0.03716185304760569 + 0.01986623787119475im,-0.5094708094503435 + 0.19728571303326223im,-0.4264679045691853 + 0.10717989903892225im,1.982364526362467 - 0.2455491610279273im,3.8075273179534497 - 7.863541780067587e-5im,-3.022172140692839 - 0.3743052468805441im,-13.331599529063535 - 3.353112956658588im,-3.590811431707195 - 1.3911720897041997im,23.25587642921584 + 12.488052643513992im,21.147736934403916 + 14.970076673671446im,-18.088091874955246 - 16.489580909637752im,-32.603344965089775 - 38.05490729898631im
-2.5468641463300182e-5 + 1.2681876568623181e-5im,-6.025955013588263 - 17.100332989011957im,-1.8945845273481483 - 8.650804397631735im,0.8649518063431076 + 9.334624900947261im,-0.2941429457611646 + 9.546174027647634im,0.21369287547924606 - 1.3768178766772325im,1.361114715795976 - 4.78392598136612im,0.42944719593588826 - 1.0146820880245118im,-0.6888329035369161 + 1.193036684067671im,-0.43556397086752513 + 0.5767326999844309im,0.11073477819262212 - 0.11423989508815566im,0.15398434580440123 - 0.12394726125770983im,0.012947727102235351 - 0.008050356887515348im,-0.02612678517813638 + 0.011988910407435771im,-0.007405001458345772 + 0.0023258441764428817im,0.0019856121202144195 - 0.0004001194554739129im,0.0011394898700918255 - 9.878678672503582e-5im,6.709148801231216e-6 - 2.8091651076301744e-5im,-7.509083806653418e-5 - 4.298113247058749e-5im,1.3772740210959587e-6 - 2.9418230503866017e-5im,1.8075931954100472e-5 - 2.3001835760813345e-5im,1.820364061744066e-5 - 2.2192460060696008e-5im,1.9551827944896266e-5 - 2.0785892846601067e-5im,2.1522106784688244e-5 - 1.8675162635747866e-5im,2.3289480338889446e-5 - 1.6371420771396292e-5im,2.480249623304509e-5 - 1.3943599826563624e-5im,2.6074076170279348e-5 - 1.1389923062155027e-5im,2.709972332681776e-5 - 8.719421321246035e-6im,2.7873068505268606e-5 - 5.920712137563733e-6im,2.8370109300790425e-5 - 3.076396547452287e-6im,2.8680109784406937e-5 - 1.1528737138277734e-6im,2.9249043873136316e-5 - 5.632021689017108e-7im,2.43062477696121e-5 + 1.662935624802131e-5im,-1.0952655728146965e-5 + 8.582570152793068e-5im,2.6460786949869934e-5 + 1.1574985607915615e-5im,0.0007655296211498146 - 0.0008498002073510369im,0.0015159008564908493 - 0.0013434268360727785im,-0.00631857408200617 + 0.004507684472253633im,-0.025312262727034435 + 0.013624692001640022im,0.01422707229618463 - 0.0054810853860777185im,0.19170834999978942 - 0.04818724796514896im,0.15789801711368348 - 0.0195233430203142im,-0.7227285653270782 + 2.845139172849348e-5im,-1.3671783930123298 - 0.16926470455031178im,1.0685335412231591 + 0.2687763105931681im,4.637910218987848 + 1.7967665027360242im,1.2275031127271037 + 0.6591875444923574im,-7.795272055840295 - 5.51812397596418im,-6.927941563853846 - 6.315614725148077im,5.761748681413556 + 6.725185453917291im,10.014911109008596 + 15.114068864456595im
2.3802513807597404e-6 - 8.387682244521461e-7im,0.3440642567296415 + 1.5710336224615475im,0.07248264291295062 + 0.7821849379692347im,0.025610239962706366 - 0.8311583421988846im,0.12995170449049284 - 0.8371463480453261im,-0.0338194734755525 + 0.11887234197108876im,-0.17196660541471384 + 0.4062936355393496im,-0.04886492668748487 + 0.0846415831574332im,0.07364288778520506 - 0.0975147558046897im,0.04462951455993188 - 0.046022086834955026im,-0.010993290485418913 + 0.008849507289932217im,-0.01490637861029745 + 0.009232607196330705im,-0.0012275454618478412 + 0.0005675385222552558im,0.0024306342881425524 - 0.0007705920933536448im,0.0006772174713366441 - 0.000124026456640558im,-0.0001791555581716342 + 1.3578445638845471e-5im,-0.0001013864731541636 - 3.7247945756657685e-6im,-8.96821901874297e-7 + 2.399783573621195e-6im,6.141753281402716e-6 + 4.602171188384487e-6im,-4.419157093082845e-7 + 2.574682950288898e-6im,-1.8419617408898734e-6 + 1.827821768452285e-6im,-1.8443813631552255e-6 + 1.7551800843388114e-6im,-1.9477304010431145e-6 + 1.6166636008760652e-6im,-2.098166610529917e-6 + 1.409378313289725e-6im,-2.2286370819262283e-6 + 1.1873139216612298e-6im,-2.3353638430104184e-6 + 9.570994395375482e-7im,-2.4194650272008067e-6 + 7.184376072319476e-7im,-2.4806432215584984e-6 + 4.721724292319762e-7im,-2.5182136680068634e-6 + 2.1737133092114558e-7im,-2.53096381819945e-6 - 3.843265118652628e-8im,-2.537285866188732e-6 - 2.1114012377365654e-7im,-2.580941587448926e-6 - 2.6925076740402787e-7im,-1.9584179815346214e-6 - 1.728837995040866e-6im,1.8997099942019702e-6 - 7.43587351836883e-6im,-2.2031779738612436e-6 - 1.3073857653131467e-6im,-7.665306935947842e-5 + 6.646350871750614e-5im,-0.00014808926600650113 + 0.00010173818114866545im,0.0006053621148748084 - 0.00032793715145547104im,0.0023767624856231625 - 0.0009234691678487553im,-0.0013121602340363013 + 0.0003274192348666796im,-0.01740141125365583 + 0.002152218691585427im,-0.014112625857799647 - 2.523713288788491e-6im,0.06362232967791309 + 0.00787560872912326im,0.11850806516533846 + 0.02980337248971092im,-0.09113353860780145 - 0.03530802742139979im,-0.3886909940486071 - 0.20872552024883656im,-0.10087199586954965 - 0.07140889945341984im,0.6260698232019692 + 0.570734640635616im,0.5410253916558435 + 0.6314836496548322im,-0.4339005391409545 - 0.6548261852146497im,-0.7168645989745148 - 1.4396638504875652im
4.277937522777692e-6 - 9.368827763412059e-7im,0.2575051619526325 + 2.7788757976596847im,-0.04197292154904103 + 1.3624716403620074im,0.22134379347739763 - 1.4258918780199294im,0.4023090643590828 - 1.413953692288502im,-0.08359000989686236 + 0.19750043795861877im,-0.38278673897404647 + 0.6630148390192353im,-0.10220054225380562 + 0.13534265665885464im,0.147616259319505 - 0.15222802147762715im,0.08667126654008109 - 0.06973848755984428im,-0.020818856988179257 + 0.012895641334969638im,-0.027639352204180567 + 0.012720940320428753im,-0.002235003150174733 + 0.0007156012722852809im,0.004350164673858736 - 0.0008087315260255634im,0.0011926966625180335 - 6.917536391809476e-5im,-0.0003114226216187621 - 1.48202416102583e-5im,-0.0001738052246428312 - 2.8034642999164028e-5im,-2.0561741430953698e-6 + 3.941469262525376e-6im,9.59543907528357e-6 + 9.235178906688484e-6im,-1.3100681227531518e-6 + 4.339672939245696e-6im,-3.5618492029130828e-6 + 2.75493743239093e-6im,-3.5505256410378085e-6 + 2.6293238769050905e-6im,-3.6989670550529024e-6 + 2.368743470413748e-6im,-3.913833586282819e-6 + 1.9796939594492723e-6im,-4.091165186138543e-6 + 1.5694506657439652e-6im,-4.22586934342023e-6 + 1.1502351653890075e-6im,-4.319808227543076e-6 + 7.212971059183948e-7im,-4.3726496352924915e-6 + 2.8415338655662925e-7im,-4.383015466791207e-6 - 1.6265597577169721e-7im,-4.350423949972537e-6 - 6.058996348395906e-7im,-4.32448235071492e-6 - 9.046705073956218e-7im,-4.387270899408602e-6 - 1.0140532601399244e-6im,-3.0039625947275717e-6 - 3.3948856339449662e-6im,4.8571846024692e-6 - 1.2400352344510424e-5im,-3.5153406541450657e-6 - 2.7212886909673162e-6im,-0.00014617864159070034 + 9.811219120917378e-5im,-0.00027672236330497126 + 0.00014362598116022325im,0.0011124360566739631 - 0.0004356564926251016im,0.00428999124043593 - 0.0010834918217778634im,-0.002329515698906837 + 0.000284043783128309im,-0.03042624021669709 - 4.379326295674472e-6im,-0.02430307527263808 - 0.0030137856637338055im,0.1078857580286714 + 0.02712984160247334im,0.1977295215058957 + 0.07659612825414731im,-0.1494135068537337 - 0.0802383294823477im,-0.6248623696524975 - 0.44233627851031254im,-0.15848597222682398 - 0.14448497968897017im,0.9564603863912708 + 1.116378590114496im,0.7970494106154775 + 1.202860324290267im,-0.6075900582882718 - 1.220215152341322im,-0.9275253898391422 - 2.632139103173453im
-3.4472893214572438e-6 + 3.194383981775996e-7im,0.06793783700937545 - 2.2051939718365094im,0.1652925252441203 - 1.064854723853093im,-0.3121798308861656 + 1.0971856460777984im,-0.4529970466040061 + 1.0702389346453094im,0.08476779643014865 - 0.14682905437837368im,0.36472790976072067 - 0.4829835521329779im,0.09333020590828067 - 0.09625493778898803im,-0.13060167389616706 + 0.10509033221258776im,-0.07477328571336395 + 0.046293586440017256im,0.017586310291914212 - 0.008094797457711921im,0.022920383938334316 - 0.007295132061906434im,0.0018230000987561057 - 0.0003442998054418861im,-0.003491505667021777 + 0.00021188006160771655im,-0.0009424550392818642 - 6.159727383792113e-5im,0.00024288804155471466 + 4.188161678314595e-5im,0.0001336360222276567 + 3.88796586038298e-5im,1.996088377346814e-6 - 2.892539918467784e-6im,-6.630951762930847e-6 - 8.177680542561469e-6im,1.4494130591253076e-6 - 3.2774354562452974e-6im,3.062101346355806e-6 - 1.8153672740823173e-6im,3.041014193683623e-6 - 1.717916748666113e-6im,3.1321593973866572e-6 - 1.4990564861412073e-6im,3.262938058462908e-6 - 1.1729521734620604e-6im,3.362209592308596e-6 - 8.338666703058308e-7im,3.4271659639650842e-6 - 4.918831940647905e-7im,3.4591952505075296e-6 - 1.4623214542736074e-7im,3.4581841832706517e-6 + 2.0186411424372164e-7im,3.4229097335136682e-6 + 5.534171387822084e-7im,3.354279338077526e-6 + 8.979994217811482e-7im,3.3049015220054656e-6 + 1.1298810594917441e-6im,3.3435361128097973e-6 + 1.2217975503547862e-6im,2.026961232803881e-6 + 2.9553019392780655e-6im,-5.015402351010723e-6 + 9.256874181184926e-6im,2.493603994807375e-6 + 2.476508652755614e-6im,0.00012421649647669444 - 6.277321318054811e-5im,0.00023105668419386545 - 8.579906318851256e-5im,-0.000915089481909169 + 0.00023372412222835096im,-0.0034709890072316956 + 0.0004332900818489241im,0.001855224981032647 + 3.462057849891257e-6im,0.023870597844593035 + 0.0029593090786565086im,0.018774285069323153 + 0.004725492112008749im,-0.08200655261756827 - 0.03176579496303709im,-0.14768823008486787 - 0.07930297499736028im,0.10942788020199026 + 0.07746663422495446im,0.44726571881649657 + 0.40774126178371484im,0.11030423155380682 + 0.12875296898555272im,-0.6419397992375919 - 0.9687780941048777im,-0.5084717094470319 - 1.0211410820563844im,0.3581446479464992 + 1.0163511268066285im,0.47198439524789937 + 2.155162809108413im
1.479341750940886e-6 + 4.5578032607133314e-8im,-0.1446739584288269 + 0.9320147864982902im,-0.12607002942850973 + 0.44309560146094795im,0.19008750485554585 - 0.4490956806397729im,0.24841549629160076 - 0.43026530087705384im,-0.043677604894733414 + 0.05784095219861335im,-0.18011449650045036 + 0.18575135625551703im,-0.044653401685485164 + 0.03593435838331728im,0.06093050492942806 - 0.03772483063867242im,0.03415564108751374 - 0.015712459163648156im,-0.00788649650668322 + 0.0025104282821175414im,-0.010107540109435598 + 0.001890932382305116im,-0.0007915207750921714 + 5.0302186557042716e-5im,0.001492450541506804 + 9.353405475262533e-5im,0.00039661350428932957 + 7.564559386261105e-5im,-0.00010084833638628748 - 3.052903443609423e-5im,-5.4654370932320784e-5 - 2.351583123405554e-5im,-9.988282681960336e-7 + 1.122334919872778e-6im,2.3836562054287477e-6 + 3.817852249718181e-6im,-7.871143152142273e-7 + 1.3143518702139721e-6im,-1.394509428665478e-6 + 6.093263435872689e-7im,-1.3804433268001194e-6 + 5.690894345267376e-7im,-1.407615059982202e-6 + 4.714466152435428e-7im,-1.4459677405180213e-6 + 3.2622187925664993e-7im,-1.4702711170358831e-6 + 1.771449312584772e-7im,-1.479863568010914e-6 + 2.864123301027366e-8im,-1.4752935733088057e-6 - 1.1968865222880543e-7im,-1.4565772932864651e-6 - 2.6732016772390566e-7im,-1.4231426997413088e-6 - 4.1461822763988465e-7im,-1.3759225960564836e-6 - 5.57206494552348e-7im,-1.3427914178770761e-6 - 6.529914006736526e-7im,-1.35435381978799e-6 - 6.940179149150794e-7im,-7.047087273934216e-7 - 1.360314448778377e-6im,2.6141656341641117e-6 - 3.6638710074199388e-6im,-9.278418646703919e-7 - 1.1816949927457643e-6im,-5.599836543401477e-5 + 2.0106656841115366e-5im,-0.00010253645526694737 + 2.4262815928004644e-5im,0.0004005180701557981 - 5.108623233472423e-5im,0.0014953778946183013 - 1.480043709262158e-6im,-0.0007869228721991365 - 9.89335159831791e-5im,-0.009971961917678237 - 0.0025095752331170777im,-0.007716994175561687 - 0.002991166696111946im,0.03312358584088547 + 0.017785310008820727im,0.058492565033819166 + 0.04140421613116241im,-0.04235655719829224 - 0.03861510658814465im,-0.1683378567041825 - 0.19648705860849175im,-0.040034021407694506 - 0.06042007986183874im,0.2214568119585053 + 0.4447419120948678im,0.16208023430659674 + 0.4599458528116399im,-0.09855354929665644 - 0.4500161800148701im,-0.08702388470227826 - 0.9391533208109548im
-3.814165564919512e-7 - 5.9206801342126025e-8im,0.06731347633461998 - 0.23658373986620948im,0.04682942384395809 - 0.11063987629996047im,-0.06359046100960798 + 0.11014113737634504im,-0.078083193384424 + 0.10339821798443548im,0.013158169047327332 - 0.01357036599645483im,0.052569533192711265 - 0.04230304141238931im,0.012708650397285163 - 0.007869317165259663im,-0.016978806226789576 + 0.0078110654770549934im,-0.009343583660232664 + 0.0029720028990506955im,0.002121606289550833 - 0.0003969896198862885im,0.0026765939968317384 - 0.00016547338491109537im,0.00020647031316078186 + 1.2347935040851396e-5im,-0.00038327240881072706 - 7.203870058673095e-5im,-0.00010022558815619455 - 3.22891000201081e-5im,2.512275362558363e-5 + 1.1133425330225877e-5im,1.3391779706571627e-5 + 7.837855501013902e-6im,2.9448169375302455e-7 - 2.58467382218817e-7im,-4.945723617284309e-7 - 1.0645133739965712e-6im,2.4584057307547143e-7 - 3.1494951779080065e-7im,3.804492087080454e-7 - 1.1301164288415512e-7im,3.755191502499385e-7 - 1.0304848413556235e-7im,3.794223368128787e-7 - 7.690615273867746e-8im,3.846944079182943e-7 - 3.809053194446478e-8im,3.862068376927043e-7 + 1.2718444785840208e-9im,3.8393021694217017e-7 + 4.001439401915899e-8im,3.779936995629285e-7 + 7.825807526919831e-8im,3.6841827948195377e-7 + 1.1586764156468199e-7im,3.5504421185689194e-7 + 1.529192061103246e-7im,3.3825317478398953e-7 + 1.8830999905239398e-7im,3.2660854657265426e-7 + 2.1203886307191722e-7im,3.282862480018245e-7 + 2.2302773576565738e-7im,1.3879401925768337e-7 + 3.7465585105839194e-7im,-7.940088511465201e-7 + 8.644885711311945e-7im,2.0226889624438083e-7 + 3.355773371940371e-7im,1.5137656197064621e-5 - 3.409267871992834e-6im,2.7315654757075288e-5 - 2.9934786633044237e-6im,-0.00010529769948735605 + 3.859845006463322e-7im,-0.0003870751006829373 - 4.754135220086297e-5im,0.00020049754277956023 + 5.082516164110502e-5im,0.0025004751385408483 + 0.0009691031660915776im,0.0019014192768193258 + 0.0010214787026164487im,-0.008002922678020583 - 0.005664678760296686im,-0.013811872183579089 - 0.012590662872072427im,0.009725002190224832 + 0.011351664193764231im,0.03727143599489601 + 0.05624893947192485im,0.008425079193398275 + 0.016920705852320344im,-0.04306330822296858 - 0.12220363356447222im,-0.027208440797068405 - 0.12423573408388508im,0.0110849504728219 + 0.11962985011376848im,-0.007575154598131872 + 0.2458568426913274im
3.161666943695908e-8 + 8.995718044155542e-9im,-0.008165123038212173 + 0.01929094984530299im,-0.005115799373520156 + 0.008860890179291203im,0.006527177479324705 - 0.008643325305339268im,0.00768149604672648 - 0.007921758103263912im,-0.0012541137687354126 + 0.001009223787815472im,-0.004885758095794212 + 0.003025172000284547im,-0.0011564572800521378 + 0.0005320909561719596im,0.0015167497021367849 - 0.00048247832127018217im,0.0008207980214505088 - 0.00015340030076645958im,-0.00018346714133262934 + 1.1348799922404574e-5im,-0.00022795027024491432 - 1.4026557453077288e-5im,-1.7321086655473615e-5 - 3.204431337675245e-6im,3.163922869166779e-5 + 1.0099658014791051e-5im,8.132874529690848e-6 + 3.7778995777312634e-6im,-2.0067904088503846e-6 - 1.203889519673599e-6im,-1.0498099433505978e-6 - 8.025862133506992e-7im,-2.7593791670955482e-8 + 1.8763064994382436e-8im,3.0659241983408995e-8 + 9.514574262528459e-8im,-2.407389121027165e-8 + 2.404583180182812e-8im,-3.3337264885456725e-8 + 5.5698500686206816e-9im,-3.28163208409604e-8 + 4.779386645838816e-9im,-3.287261478469652e-8 + 2.5290514223187777e-9im,-3.291197021318903e-8 - 8.067172408196934e-10im,-3.262784978809896e-8 - 4.149345033785021e-9im,-3.202997573973406e-8 - 7.3999338903686304e-9im,-3.1127997288495426e-8 - 1.0570058757626045e-8im,-2.99251058908951e-8 - 1.3648505391844479e-8im,-2.840700412311964e-8 - 1.6640035622409594e-8im,-2.6617486717386927e-8 - 1.9455444848584004e-8im,-2.5384973271645392e-8 - 2.133908078016944e-8im,-2.5411763859731033e-8 - 2.2285387911782917e-8im,-7.809536777946425e-9 - 3.311745107488495e-8im,7.615479069187844e-8 - 6.475453302907941e-8im,-1.3583233629751726e-8 - 3.0478938805491465e-8im,-1.3150735996720283e-6 + 1.2971882929403802e-7im,-2.339973757128921e-6 - 3.28715208104392e-8im,8.903517132509089e-6 + 1.069371780795153e-6im,3.221699920359091e-5 + 8.06900530015314e-6im,-1.6413600402212224e-5 - 6.393914682027689e-6im,-0.00020119125682149298 - 0.00010807473431521501im,-0.0001500125341092988 - 0.0001062319482008716im,0.0006171016906768931 + 0.0005625180420715671im,0.00103557448114588 + 0.0012086771626150443im,-0.0007031300033270541 - 0.001061189155922202im,-0.0025614074148672485 - 0.0051440732748462455im,-0.000534981154882415 - 0.0015182651819576937im,0.0023606713148543535 + 0.010779001062516221im,0.0009993937059131139 + 0.01078481944221149im,0.0003151172917930908 - 0.01022680199730011im,0.0032132489286142807 - 0.02069987950413958im
2.1236336421703625e-8 + 8.988570246009262e-9im,-0.007347706946493759 + 0.012726647870984587im,-0.004325565699453281 + 0.005728012958078461im,0.00528942560285979 - 0.005454867799786158im,0.006030868188986127 - 0.004852991976986734im,-0.0009601317108788181 + 0.0005945155093196049im,-0.003662314078361698 + 0.00168495721633766im,-0.0008510088557995621 + 0.0002707496054198267im,0.0010975710932270772 - 0.00020514813572338419im,0.0005846726584495833 - 3.6038271115935864e-5im,-0.00012871010034390103 - 7.915463162672489e-6im,-0.0001574921182864122 - 2.9416919479452637e-5im,-1.1782867579069204e-5 - 3.724200987588206e-6im,2.1156872268188057e-5 + 9.75908951639107e-6im,5.336500624534115e-6 + 3.331344106762696e-6im,-1.2933615417343516e-6 - 1.0111648131153929e-6im,-6.616979902928418e-7 - 6.492724596036253e-7im,-2.0828638749023765e-8 + 1.0684192648324689e-8im,1.3142815651803041e-8 + 6.888457425476652e-8im,-1.8833470632109565e-8 + 1.4665561153540845e-8im,-2.3689925741116627e-8 + 1.0037934454479206e-9im,-2.3259093928037252e-8 + 4.983729055805611e-10im,-2.3104283145223177e-8 - 1.0731794620400481e-9im,-2.284410716462597e-8 - 3.398964366975216e-9im,-2.235813412440114e-8 - 5.701647051092548e-9im,-2.1661656258894742e-8 - 7.913200833665904e-9im,-2.0760394865769298e-8 - 1.0042513276368494e-8im,-1.9657537288399066e-8 - 1.2082061506596322e-8im,-1.834271854154676e-8 - 1.4033925027721189e-8im,-1.6854124772436264e-8 - 1.583976439898868e-8im,-1.5833653885905744e-8 - 1.7044910770140642e-8im,-1.577072423187783e-8 - 1.770605116560922e-8im,-2.5820381052438918e-9 - 2.3729970884123208e-8im,5.860221622116385e-8 - 3.851751069830489e-8im,-6.829213191049125e-9 - 2.2390757287007238e-8im,-9.267508730842886e-7 - 2.306027679922035e-8im,-1.6262801490008952e-6 - 2.246135212542952e-7im,6.1065308907255345e-6 + 1.512075710334709e-6im,2.1734183696054975e-5 + 8.395137367976684e-6im,-1.0876102394617334e-5 - 5.86651839541315e-6im,-0.00013075436698805818 - 9.25873532808588e-5im,-9.528207541538618e-5 - 8.689229305383546e-5im,0.00038113818029317996 + 0.0004448309364762427im,0.0006167782034620812 + 0.0009307699554737192im,-0.00039804178293592347 - 0.0007994273954033994im,-0.0013398102752473617 - 0.003802174858656061im,-0.00024157050394776902 - 0.0011031524303916735im,0.0007142712671494374 + 0.007707964633970963im,-0.00023396591542471163 + 0.00759466035262618im,0.0011010356792017675 - 0.007092839452668177im,0.00402162401680329 - 0.014134458025374021im
-1.1829533393847901e-8 - 6.8297842897572165e-9im,0.005245762821467478 - 0.006946535277963755im,0.0029597464324189063 - 0.003052359283691316im,-0.003506470904244083 + 0.0028216291059745113im,-0.0038985179287386595 + 0.002413844039872706im,0.0006076915007874901 - 0.000279597488976939im,0.0022755508200780388 - 0.0007239191634445522im,0.0005199758534118 - 9.721422889558031e-5im,-0.0006601427673383212 + 4.070252668216979e-5im,-0.00034632443742441745 - 2.1374245668072205e-5im,7.508634191572739e-5 + 1.4022173706338548e-5im,9.044078468718161e-5 + 2.8756950732955477e-5im,6.6554937289704645e-6 + 3.0469771071657786e-6im,-1.1726732660404448e-5 - 7.2769514376277555e-6im,-2.8945791339862943e-6 - 2.3467921002958032e-6im,6.867009088445952e-7 + 6.885617437073135e-7im,3.4171888334418553e-7 + 4.2984252255229977e-7im,1.3021884885828415e-8 - 4.764570924129629e-9im,-2.7117844855323237e-9 - 4.145063602194339e-8im,1.2138838122389665e-8 - 7.250255203278286e-9im,1.3999237489396239e-8 + 1.1343465351805622e-9im,1.3709180705108578e-8 + 1.4000966434608903e-9im,1.3503787543739918e-8 + 2.312676541111108e-9im,1.3181547625675514e-8 + 3.6609598081727753e-9im,1.2728246979303997e-8 + 4.979218081019288e-9im,1.2157836183968366e-8 + 6.228584789889956e-9im,1.1473032051500685e-8 + 7.4147034580447115e-9im,1.0676251274618345e-8 + 8.533374849296373e-9im,9.761251994037674e-9 + 9.585068601889249e-9im,8.754729183958851e-9 + 1.0538283061619323e-8im,8.067115220218623e-9 + 1.1172460874855905e-8im,7.98199509125571e-9 + 1.1556530885459965e-8im,-2.0948794565364692e-10 + 1.4137662567113157e-8im,-3.725319763434043e-8 + 1.837683088340425e-8im,2.3847029847634017e-9 + 1.3659568578048833e-8im,5.431139845849752e-7 + 8.101598269969075e-8im,9.396624154609613e-7 + 2.5041956432428624e-7im,-3.479671141752765e-6 - 1.3333830170127753e-6im,-1.2165391135719878e-5 - 6.5171726714168365e-6im,5.966506443908007e-6 + 4.240338090621517e-6im,7.012464221448131e-5 + 6.394554170997068e-5im,4.968672960477433e-5 + 5.8015592722286745e-5im,-0.00019167285845116827 - 0.0002892386379244249im,-0.00029482196156946025 - 0.0005920516699780061im,0.0001757979348760549 + 0.0004989194128558307im,0.0005108430242195053 + 0.002332644399510214im,6.170722210737965e-5 + 0.0006660750218341409im,0.0001411912949238782 - 0.004583137583333437im,0.0006903670337017412 - 0.004447507433694821im,-0.0011635474649386295 + 0.004089395241082462im,-0.0033929946082574616 + 0.008016231504604968im
3.321084799468011e-9 + 2.5079668236034687e-9im,-0.0018461980524293003 + 0.0019039608160763668im,-0.0010091950249100264 + 0.0008121015569729562im,0.001165864794300745 - 0.0007218680238579885im,0.001269137046438067 - 0.0005838911100134641im,-0.00019421075427129568 + 6.178725582848125e-5im,-0.0007151427570057257 + 0.0001336875836026444im,-0.00016086040848755157 + 9.925699968636807e-6im,0.00020112565810222226 + 1.2409175556414321e-5im,0.00010391490385263409 + 1.9429295831461995e-5im,-2.217821993138499e-5 - 7.051032493587225e-6im,-2.6269134916019033e-5 - 1.2081138776311211e-5im,-1.8982846229274482e-6 - 1.170473245328495e-6im,3.2732596721872433e-6 + 2.639324036604325e-6im,7.873442105949544e-7 + 8.179538927586345e-7im,-1.8185182067511664e-7 - 2.339049401713371e-7im,-8.72291119416186e-8 - 1.4276192568764886e-7im,-4.115703982122657e-9 + 9.530772540130377e-10im,-7.319997819248656e-10 + 1.2634595511865951e-8im,-3.941773454210744e-9 + 1.7377076381162492e-9im,-4.190356070262502e-9 - 8.671120809218085e-10im,-4.092704688509137e-9 - 9.366027272398991e-10im,-3.996437699471525e-9 - 1.2048541864378971e-9im,-3.848524812230181e-9 - 1.6004639050341634e-9im,-3.66210723203487e-9 - 1.982076816122103e-9im,-3.4428602152555116e-9 - 2.338477848882537e-9im,-3.191392621918203e-9 - 2.671477462910885e-9im,-2.908594086779425e-9 - 2.9798859996703992e-9im,-2.592560779765714e-9 - 3.2636146951158657e-9im,-2.2525357433250334e-9 - 3.514150399047309e-9im,-2.0208745342425874e-9 - 3.680165687057653e-9im,-1.9807582788051482e-9 - 3.793104472009368e-9im,5.926551708158173e-10 - 4.2668376749573425e-9im,1.195195670601959e-8 - 4.161663768806334e-9im,-2.096217153023484e-10 - 4.219411601672806e-9im,-1.6118345741449333e-7 - 4.48305538723685e-8im,-2.747418800509473e-7 - 1.1089862543010153e-7im,1.0021959960129782e-6 + 5.334441509133567e-7im,3.4343395625919986e-6 + 2.426019789799669e-6im,-1.6452814267853377e-6 - 1.5055036215043977e-6im,-1.8808839076206425e-5 - 2.1960167029736443e-5im,-1.2851221842730383e-5 - 1.9401974015533575e-5im,4.712525825961416e-5 + 9.463094004168648e-5im,6.697611223797299e-5 + 0.00019005188337537852im,-3.447474761584556e-5 - 0.00015743596258629462im,-6.71239591332622e-5 - 0.0007244279860811153im,6.280271357705885e-6 - 0.00020370576881648009im,-0.00021428560348400592 + 0.0013804779430087932im,-0.0003752571306980821 + 0.0013189072174792278im,0.0005049207742686428 - 0.0011929117942467509im,0.0013260422571948192 - 0.002296764239115891im
-5.596645689260172e-10 - 5.426870517914071e-10im,0.00038704098461115813 - 0.00031145172221347595im,0.00020630596577538205 - 0.00012774016281781952im,-0.00023335408281353832 + 0.00010735905530306824im,-0.00024937644269598896 + 7.933153943613312e-5im,3.752654242747534e-5 - 7.0157196064039735e-6im,0.00013602410457853623 - 8.39046064420143e-6im,3.0132800734023096e-5 + 1.8577464831129613e-6im,-3.71040599271304e-5 - 6.936743952688615e-6im,-1.8870759590172947e-5 - 6.004038878540167e-6im,3.960668729802903e-6 + 1.8213386408433723e-6im,4.605387598068937e-6 + 2.8506183941677293e-6im,3.2595147693276675e-7 + 2.6129155225712384e-7im,-5.47749947873489e-7 - 5.660057496723796e-7im,-1.275400107016492e-7 - 1.7018390680423442e-7im,2.842223222324547e-8 + 4.76696318855264e-8im,1.2929728975216736e-8 + 2.8547747473877142e-8im,7.870582323356699e-10 - 8.243699365553882e-11im,4.2694419709541636e-10 - 2.331933785729716e-9im,7.72794359705528e-10 - 2.3229568976493362e-10im,7.590282856633134e-10 + 2.576466212296876e-10im,7.392756010799995e-10 + 2.683151364048266e-10im,7.15212426627432e-10 + 3.1598420105860514e-10im,6.786105450436427e-10 + 3.86130722174265e-10im,6.351678233867808e-10 + 4.527751016487598e-10im,5.86204166654131e-10 + 5.139804376802748e-10im,5.317906635763579e-10 + 5.701000635655908e-10im,4.721183395804952e-10 + 6.209204448347216e-10im,4.068380804216023e-10 + 6.663840697648934e-10im,3.378579771018677e-10 + 7.051389342829025e-10im,2.9095934632439834e-10 + 7.306837915483418e-10im,2.809011315856014e-10 + 7.507533199307319e-10im,-2.0838726940862126e-10 + 7.795640932100906e-10im,-2.3176756115694547e-9 + 4.98518111773788e-10im,-5.816039071086078e-11 + 7.892235976866906e-10im,2.8932363224308523e-8 + 1.204450937612065e-8im,4.8522274604686376e-8 + 2.6940786888026213e-8im,-1.7403077283484867e-7 - 1.2223872755516467e-7im,-5.826052626399536e-7 - 5.300600172856387e-7im,2.712053141412582e-7 + 3.1775040234894213e-7im,2.991089541546505e-6 + 4.515418420494214e-6im,1.9424438271731463e-6 + 3.902702039634923e-6im,-6.582317400470389e-6 - 1.8676914841711326e-5im,-8.076075667448707e-6 - 3.687284477165929e-5im,2.784806745780269e-6 + 3.0061299929652978e-5im,-4.1976109646542e-6 + 0.00013621797575358356im,-5.856760119601538e-6 + 3.7724793823932566e-5im,7.161435190342123e-5 - 0.00025170118776530494im,0.00010012198437968025 - 0.00023654953596485904im,-0.00012132637388332629 + 0.00021014188471496942im,-0.0002993850570215844 + 0.00039644859272129835im
3.5738325528139525e-11 + 4.4412153286262324e-11im,-3.088640545811516e-5 + 1.9124119641483835e-5im,-1.6119564085507436e-5 + 7.41623898519716e-6im,1.789930479954257e-5 - 5.69411895051196e-6im,1.8810191992935352e-5 - 3.5161762794532803e-6im,-2.786354322538775e-6 + 1.7191356506623747e-7im,-9.94669934258902e-6 - 6.134343085440203e-7im,-2.1700505086754353e-6 - 4.055947528137591e-7im,2.63031584709482e-6 + 8.368235370518977e-7im,1.3155023468372897e-6 + 6.05289872147251e-7im,-2.710598606107178e-7 - 1.6776611618907736e-7im,-3.085980073678109e-7 - 2.482547368116396e-7im,-2.130637248209954e-8 - 2.1891038678205145e-8im,3.466413094498889e-8 + 4.599733868372282e-8im,7.726307287208306e-9 + 1.34963819357379e-8im,-1.6342379302900517e-9 - 3.714801967503343e-9im,-6.817724872474435e-10 - 2.1878988370444105e-9im,-5.7857792083735745e-11 - 1.0901443976154796e-12im,-5.1941332126443394e-11 + 1.6537967300407398e-10im,-5.816954024718394e-11 + 9.905920659050406e-12im,-5.27686577990753e-11 - 2.5509249446869718e-11im,-5.124075673023734e-11 - 2.610468905225962e-11im,-4.9063075109125784e-11 - 2.935969151460291e-11im,-4.577424592611651e-11 - 3.4125886094893e-11im,-4.202483052738103e-11 - 3.856699045357687e-11im,-3.792291755034431e-11 - 4.2566513906677825e-11im,-3.346842743187151e-11 - 4.6151839832549505e-11im,-2.868321767496179e-11 - 4.9301936992090655e-11im,-2.354202803812099e-11 - 5.201214763296888e-11im,-1.8183578092200414e-11 - 5.420751134872609e-11im,-1.4538691502883765e-11 - 5.564285068030653e-11im,-1.3629708204452521e-11 - 5.700746252552784e-11im,2.212059418152607e-11 - 5.470055002318008e-11im,1.726610089711894e-10 - 1.53514045872922e-11im,1.1312789922551e-11 - 5.6751506882013305e-11im,-1.991385427917893e-9 - 1.1340637553907125e-9im,-3.279175346330743e-9 - 2.3911288867772444e-9im,1.1530996187982113e-8 + 1.043476281758018e-8im,3.7516603384310065e-8 + 4.3701963439866064e-8im,-1.682608276831625e-8 - 2.5496313891473787e-8im,-1.7648787813383138e-7 - 3.5456335593746516e-7im,-1.058933692263119e-7 - 3.0067509396475433e-7im,3.0984690511622423e-7 + 1.4145377864318905e-6im,2.5473807203031373e-7 + 2.748443851038299e-6im,6.804104932753746e-8 - 2.206580324694182e-6im,1.5286957987771867e-6 - 9.847650411014474e-6im,7.640268502913465e-7 - 2.68506753297045e-6im,-7.458893264136372e-6 + 1.7622477967454605e-5im,-9.391543990514061e-6 + 1.6266745353751717e-5im,1.0693048629357417e-5 - 1.4159790182151115e-5im,2.5288988063229168e-5 - 2.6080051321322694e-5im
9.37917126622652e-12 + 1.5147882247104232e-11im,-1.031450891890893e-5 + 4.745446691041715e-6im,-5.284625700315652e-6 + 1.6811791555078443e-6im,5.770504147032324e-6 - 1.0786760458131414e-6im,5.9693843108752205e-6 - 3.681611696845584e-7im,-8.708433470315067e-7 - 5.36939290361844e-8im,-3.0615970666201677e-6 - 5.722935543128182e-7im,-6.575045328422157e-7 - 2.0914855352455417e-7im,7.83702245998415e-7 + 3.605798565527458e-7im,3.84780480269461e-7 + 2.3826694153880472e-7im,-7.763092154650589e-8 - 6.244650123795553e-8im,-8.618274473703762e-8 - 8.885330641686613e-8im,-5.767801342068891e-9 - 7.608238838409054e-9im,8.985108590981682e-9 + 1.559829724562195e-8im,1.878103422111261e-9 + 4.482903760143083e-9im,-3.642155245079223e-10 - 1.2149831222809775e-9im,-1.2743428573639817e-10 - 7.048061060406003e-10im,-1.7903821600389696e-11 - 2.56028789077883e-12im,-2.2464388415792435e-11 + 4.930685140412827e-11im,-1.8424685869327955e-11 + 8.420274303440039e-13im,-1.5384441515035608e-11 - 9.943373434772562e-12im,-1.488630033920257e-11 - 1.0070056620228945e-11im,-1.4091082925066314e-11 - 1.0990016950004618e-11im,-1.2890990539320114e-11 - 1.233982356426419e-11im,-1.1554507790233788e-11 - 1.3575752849510402e-11im,-1.0126880025997463e-11 - 1.4659683101576418e-11im,-8.609109562040539e-12 - 1.5600037861575162e-11im,-7.001984144359131e-12 - 1.6393775764456485e-11im,-5.299411381037621e-12 - 1.70369440389366e-11im,-3.5568314367764095e-12 - 1.7511749067968883e-11im,-2.3789497261070806e-12 - 1.781869269469884e-11im,-2.0430518546153085e-12 - 1.8207409718390004e-11im,8.965610134152883e-12 - 1.611487029565652e-11im,5.4149036697510075e-11 + 1.873528124107733e-12im,5.688544199879999e-12 - 1.7168062608051337e-11im,-5.741122393659711e-10 - 4.282363850045376e-10im,-9.252626952057537e-10 - 8.675977879215794e-10im,3.1757877494181454e-9 + 3.6794117382070315e-9im,9.958015837643293e-9 + 1.4995898571159668e-8im,-4.239686017452299e-9 - 8.554407812134547e-9im,-4.112326463266505e-8 - 1.1675295566892196e-7im,-2.129673672952904e-8 - 9.732715192410352e-8im,4.177640174182836e-8 + 4.506460758554994e-7im,-2.6548299128257603e-8 + 8.622657543639773e-7im,1.0585288201832332e-7 - 6.81799454031911e-7im,8.523750622841358e-7 - 2.9957224944645684e-6im,3.4010344785655677e-7 - 8.034804402346908e-7im,-2.9903479152135186e-6 + 5.179470150870645e-6im,-3.5377262328194962e-6 + 4.6847361958122905e-6im,3.8604902391920406e-6 - 3.981236900569077e-6im,8.845521929434395e-6 - 7.117942141635615e-6im
-3.361241943151917e-12 - 7.305887664389822e-12im,4.883704509245268e-6 - 1.553626689894612e-6im,2.4605498469742558e-6 - 4.5996466358436525e-7im,-2.644783038704252e-6 + 1.6311657828121274e-7im,-2.6944614080693262e-6 - 1.6619674672213928e-7im,3.871237939510422e-7 + 7.235779713079043e-8im,1.3397253705037542e-6 + 4.261888811113848e-7im,2.8293377307674916e-7 + 1.3016133742719257e-7im,-3.3106538468812194e-7 - 2.0499646511113997e-7im,-1.5914938635550464e-7 - 1.2807735603364453e-7im,3.1311606883654744e-8 + 3.2279611944197685e-8im,3.3677704213399764e-8 + 4.458314237874735e-8im,2.1617144496026776e-9 + 3.72811524179049e-9im,-3.1597316837432725e-9 - 7.485793552030809e-9im,-5.92648629000477e-10 - 2.1123313568065896e-9im,9.575886050603723e-11 + 5.644624506512661e-10im,1.7990235760223e-11 + 3.227867303597574e-10im,7.87816177563426e-12 + 2.1400178033569004e-12im,1.279667738761231e-11 - 2.0835177756978185e-11im,8.299284317385492e-12 + 6.47823531577264e-13im,6.3411184247791e-12 + 5.304410873408503e-12im,6.1108679035835716e-12 + 5.333479086557906e-12im,5.7025222513668876e-12 + 5.705171328742988e-12im,5.090078838295941e-12 + 6.244468171943284e-12im,4.422945624025115e-12 + 6.722653116396103e-12im,3.723226869296929e-12 + 7.128410060676081e-12im,2.9912097673161824e-12 + 7.4659816900107e-12im,2.227342442131274e-12 + 7.731795208678402e-12im,1.4299210357233084e-12 + 7.92448221728432e-12im,6.223699249171824e-13 + 8.04160894884601e-12im,7.394884096072803e-14 + 8.114552077227626e-12im,-9.808404359979567e-14 + 8.269133996303167e-12im,-4.90712511387263e-12 + 6.722505258678864e-12im,-2.4147078172278246e-11 - 3.839770689923502e-12im,-3.5005359172178145e-12 + 7.37504850130361e-12im,2.3342032111722305e-10 + 2.2367363153829623e-10im,3.663527280494907e-10 + 4.3996966183437937e-10im,-1.2185263478175344e-9 - 1.824382002072428e-9im,-3.6289687713949456e-9 - 7.269910251182212e-9im,1.4246980596939393e-9 + 4.067196583746573e-9im,1.1945327498293507e-8 + 5.458162233255811e-8im,4.141392097680567e-9 + 4.4779894421224966e-8im,6.282927570811894e-9 - 2.0418829821323816e-7im,5.972187211707694e-8 - 3.8478713288930764e-7im,-8.52367297955154e-8 + 2.9954664678761524e-7im,-5.479999084111546e-7 + 1.2946803200543277e-6im,-1.9692095731657575e-7 + 3.4106101978739617e-7im,1.626855271969957e-6 - 2.1543178879317244e-6im,1.8446157746104828e-6 - 1.9023346140949905e-6im,-1.950178184574086e-6 + 1.569292225687192e-6im,-4.357259271119976e-6 + 2.697891263451999e-6im
5.299780093055983e-13 + 1.6659525099969612e-12im,-1.0951056523867932e-6 + 2.0471250208248016e-7im,-5.431222574045318e-7 + 3.3500385220280397e-8im,5.749383453509541e-7 + 3.546273541558017e-8im,5.768585305140691e-7 + 1.0783532689725086e-7im,-8.158442308637155e-8 - 2.5952038891547273e-8im,-2.7764469186707005e-7 - 1.2773490256673594e-7im,-5.7562476985409433e-8 - 3.5639120530389014e-8im,6.594714550063165e-8 + 5.30697141682067e-8im,3.09131237941901e-8 + 3.188272627177569e-8im,-5.892786818109986e-9 - 7.80040965233751e-9im,-6.074565355158304e-9 - 1.0517958791589911e-8im,-3.667707764823277e-10 - 8.620450812088959e-10im,4.81697394758226e-10 + 1.6993796688434129e-9im,7.142712725599486e-11 + 4.715411783359662e-10im,-5.5790712265389545e-12 - 1.2433286263292007e-10im,4.743179953896496e-12 - 7.011523013431905e-11im,-1.6424515911763495e-12 - 6.721429230289321e-13im,-3.3190269062289916e-12 + 4.1499472836685904e-12im,-1.7741151520899847e-12 - 3.631640428107295e-13im,-1.225122541144058e-12 - 1.3117770717733031e-12im,-1.1743291442335372e-12 - 1.31166008689369e-12im,-1.0781392878615184e-12 - 1.383516306778632e-12im,-9.326710258636251e-13 - 1.4845234876322619e-12im,-7.749413770174623e-13 - 1.5688022601714062e-12im,-6.125648444716522e-13 - 1.6370803990396061e-12im,-4.4608523332714346e-13 - 1.6908868180477926e-12im,-2.7377795368909073e-13 - 1.7271333548137691e-12im,-9.647475205813584e-14 - 1.7459022599491008e-12im,8.047920497472238e-14 - 1.7510532530795023e-12im,2.0212279941369126e-13 - 1.7549633409040033e-12im,2.4374716557375956e-13 - 1.7829401105711293e-12im,1.2365167574206641e-12 - 1.318316910855656e-12im,5.103382270186515e-12 + 1.4742293447054717e-12im,9.522173148856634e-13 - 1.4975658795331506e-12im,-4.437945767879675e-11 - 5.448962621410242e-11im,-6.728159962215485e-11 - 1.0470423733550205e-10im,2.141447628726683e-10 + 4.2613957157906596e-10im,5.886968083663499e-10 + 1.6653407170322903e-9im,-1.9870994887005085e-10 - 9.155090818373422e-10im,-1.1189604575097798e-9 - 1.2094450335202383e-8im,3.028015481371049e-10 - 9.771368299444001e-9im,-6.810190640555725e-9 + 4.388337681522528e-8im,-2.3163563946615426e-8 + 8.14178719122741e-8im,2.639096464912179e-8 - 6.234663305795999e-8im,1.528108562292511e-7 - 2.6467267043343385e-7im,5.159454535953921e-8 - 6.831931866005058e-8im,-4.0852572218784164e-7 + 4.2130862353573456e-7im,-4.487734624255259e-7 + 3.6112890493551554e-7im,4.626503560003226e-7 - 2.8645891571184455e-7im,1.0120993797560286e-6 - 4.6563767447981294e-7im
-4.297605331168021e-14 - 2.2989955142840905e-13im,1.4876138757063015e-7 - 9.17552173756109e-9im,7.266043848140828e-8 + 4.481308494563656e-9im,-7.5750844094769e-8 - 1.4160525054883838e-8im,-7.481595395452213e-8 - 2.380091376953596e-8im,1.0405203834071894e-8 + 4.786895849310281e-9im,3.476254067662323e-8 + 2.1523778190780463e-8im,7.056580237017807e-9 + 5.678108506699934e-9im,-7.883237502418108e-9 - 8.130193460653556e-9im,-3.580134872624406e-9 - 4.741252350392506e-9im,6.541368675983385e-10 + 1.132530358295034e-9im,6.335943789927001e-10 + 1.4963254120679118e-9im,3.452350414369581e-11 + 1.2048275456859217e-10im,-3.601651365661105e-11 - 2.3354495874656843e-10im,-1.7314222024038163e-12 - 6.378071828794692e-11im,-1.3028818599821887e-12 + 1.6599148013886268e-11im,-1.7810987857951313e-12 + 9.229902490090695e-12im,2.070160386449123e-13 + 1.162419187131428e-13im,5.057379403516279e-13 - 4.934147178255515e-13im,2.2731362941903293e-13 + 7.918709233136256e-14im,1.4449149938110288e-13 + 1.9215728609893528e-13im,1.3907733193441534e-13 + 1.9121438442145354e-13im,1.1950007236262195e-13 + 2.0170550728533083e-13im,9.553780938747017e-14 + 2.1316212618913745e-13im,7.61982090341926e-14 + 2.2107877239146676e-13im,5.508938032596147e-14 + 2.2747158521989456e-13im,3.0764172980733933e-14 + 2.3170072015526205e-13im,8.810735634627607e-15 + 2.3408739513828107e-13im,-1.2301348768231769e-14 + 2.350365536659447e-13im,-3.866650624758841e-14 + 2.316531051932304e-13im,-5.979926408970642e-14 + 2.2644799287624318e-13im,-6.449945030444979e-14 + 2.2984991127791236e-13im,-1.8411116445751078e-13 + 1.5701989268829653e-13im,-6.513075078659457e-13 - 2.7577965027025184e-13im,-1.510454978422498e-13 + 1.8317474183881823e-13im,4.9964455230542414e-12 + 7.962297222866505e-12im,7.2118678913353534e-12 + 1.5007258609369238e-11im,-2.1426412996084212e-11 - 6.009897663406219e-11im,-5.078237545451107e-11 - 2.307847208901457e-10im,1.1331259925962824e-11 + 1.248181428918034e-10im,-5.027373695784905e-11 + 1.6241625932294728e-9im,-2.0084714376742358e-10 + 1.2923546256827131e-9im,1.6256378710742491e-9 - 5.714380200385245e-9im,4.413934639199331e-9 - 1.0428933800248765e-8im,-4.528895347300768e-9 + 7.843809519416097e-9im,-2.463981742964117e-8 + 3.262800421328504e-8im,-7.973337294972206e-9 + 8.222440701671688e-9im,6.116591762070313e-8 - 4.922033100382209e-8im,6.552018706797271e-8 - 4.0568657081393524e-8im,-6.613500602577963e-8 + 3.0426672905517005e-8im,-1.420304440284938e-7 + 4.518289056730095e-8im
7.31483596141484e-16 + 1.1855266677626816e-14im,-7.554898200105951e-9 - 4.659589784752669e-10im,-3.6341477140773993e-9 - 6.793281722790334e-10im,3.729497320147e-9 + 1.1864512534146634e-9im,3.6222122774574e-9 + 1.6664953987235486e-9im,-4.945512320079245e-10 - 3.061992334192752e-10im,-1.6177145773218832e-9 - 1.3017552059101554e-9im,-3.202168377160201e-10 - 3.30217749433506e-10im,3.465767830178571e-10 + 4.589625311063817e-10im,1.508493487339244e-10 + 2.613041016636734e-10im,-2.5900371225857217e-11 - 6.116271221949893e-11im,-2.259398148488843e-11 - 7.937130256356869e-11im,-9.878400361900646e-13 - 6.288179126051986e-12im,3.562366680285919e-13 + 1.1996653982470496e-11im,-3.1201790444904436e-13 + 3.2253801336572846e-12im,1.7012014671901816e-13 - 8.276395043659073e-13im,1.483325037876708e-13 - 4.5105361209482473e-13im,-9.708597688037389e-15 - 7.150532604106991e-15im,-2.7355539933621726e-14 + 1.68602053770925e-14im,-9.641599636088404e-15 - 8.098901370383221e-15im,-8.459280468810746e-15 - 7.48577316726542e-15im,-9.489019588553772e-15 - 7.2162628758505e-15im,-4.010941073180242e-15 - 1.1378038873469971e-14im,-1.6661566791156286e-17 - 1.2765089127698127e-14im,-1.618571657165773e-15 - 1.1822741472913958e-14im,-2.0115429572222967e-15 - 1.1742104333369118e-14im,5.534669271732405e-16 - 1.1855373125328496e-14im,1.5733375665628669e-16 - 1.1966049742318033e-14im,-1.567062983838744e-15 - 1.260990219936281e-14im,2.5504078307626044e-15 - 1.1702486456021592e-14im,9.008248372486176e-15 - 9.218144941930684e-15im,8.223061569169668e-15 - 9.524352018178756e-15im,7.611541422726223e-15 - 8.167799942967247e-15im,2.6770652609865367e-14 + 1.5469326040274685e-14im,8.755971096777956e-15 - 8.288838237997186e-15im,-1.9929281392844043e-13 - 4.310724109529589e-13im,-2.686514185995102e-13 - 8.01125106811557e-13im,7.036528958176891e-13 + 3.1631072622879415e-12im,1.1177401393153106e-12 + 1.1949777787348307e-11im,2.0817407689289167e-13 - 6.361894015596401e-12im,1.2671683613400561e-11 - 8.154581671378861e-11im,1.8188733174993984e-11 - 6.388173921916714e-11im,-1.1759625596911793e-10 + 2.7786054116953365e-10im,-2.8754982027288366e-10 + 4.980734601673563e-10im,2.7721014482386527e-10 - 3.6706555337972865e-10im,1.445483072028091e-9 - 1.4906863379582103e-9im,4.5317453368398184e-10 - 3.6465289537513773e-10im,-3.3899652208688443e-9 + 2.098991305993898e-9im,-3.555428887964435e-9 + 1.6357696223420366e-9im,3.5231214347942136e-9 - 1.1207728267169367e-9im,7.4403752790297436e-9 - 1.390834384372463e-9im
