0.0 + 0.0im,-128.3306277810247 + 686.5082231139287im,345.3711032987654 - 891.5055842367693im,-376.4731691072546 + 608.0250449894937im,194.14446680350815 - 212.96633509495302im,-10.607092969640942 + 8.010104790075882im,-20.74079189958126 + 10.32768721428244im,-44.52306276849391 + 12.667903554952108im,79.17816244505869 - 7.336937234902873im,-49.18172397342377 - 4.557357871846499im,5.797211697066107 + 1.6494489394840373im,10.397281986023911 + 5.177231262443575im,-5.242009622296553 - 3.9585819135705163im,-1.017624841809217 - 1.1162812756390825im,1.6192996356423055 + 2.615258707938323im,-0.2555558921774608 - 0.6596657994393066im,-0.1861569662311861 - 0.9958518111959611im,-1.1102230246251565e-16 + 0.9965362192532339im,0.06811135778799349 - 0.36436358192446294im,-0.006171391909953567 + 0.01593019884317754im,-0.009838142168206304 + 0.015889145164372277im,-0.017328929992707114 + 0.01900893068149422im,0.02766191216926504 - 0.020889306410706437im,-0.016106808448893912 + 0.008020237630560045im,0.004120808967599783 - 0.0011724712390377174im,-0.00015885053609417715 + 1.4719669881419953e-5im,-0.00015885053609434642 - 1.4719669881260826e-5im,0.004120808967601386 + 0.0011724712390366622im,-0.01610680844890002 - 0.008020237630553491im,0.02766191216926383 + 0.020889306410704255im,-0.017328929992708353 - 0.019008930681493185im,-0.00983814216820588 - 0.01588914516437151im,-0.006171391909954609 - 0.015930198843177115im,0.06811135778799893 + 0.36436358192446394im,-1.1102230246251565e-16 - 0.9965362192532339im,-0.18615696623118144 + 0.9958518111959618im,-0.2555558921774606 + 0.6596657994393063im,1.619299635642312 - 2.615258707938325im,-1.0176248418092155 + 1.1162812756390832im,-5.242009622296553 + 3.9585819135705167im,10.39728198602391 - 5.177231262443576im,5.797211697066109 - 1.6494489394840377im,-49.18172397342377 + 4.557357871846506im,79.17816244505869 + 7.3369372349028765im,-44.523062768493915 - 12.667903554952106im,-20.740791899581257 - 10.327687214282442im,-10.60709296964093 - 8.010104790075887im,194.14446680350818 + 212.96633509495302im,-376.47316910725465 - 608.0250449894937im,345.37110329876526 + 891.5055842367692im,-128.33062778102465 - 686.5082231139287im
0.0 - 0.0im,-160.8705749116877 - 639.6187577239408im,55.58139442258903 + 901.1559165215881im,82.99241291073773 - 670.2296229711307im,-82.50095107150193 + 259.3367239172158im,5.938372209106351 - 11.058654794244045im,13.717472690364447 - 17.046754971136746im,33.19696329496816 - 28.441416900564256im,-65.03226942953025 + 37.54639826115154im,43.99257860805853 - 15.50238657370138im,-5.6245626211713216 + 0.8730936192428742im,-10.963464262399912 - 0.3377807266789603im,6.059669711008832 + 1.3270881475870864im,1.3136368102531908 + 0.5560147716527825im,-2.4214751968020156 - 1.6045276564933206im,0.47961803035549466 + 0.46506873796044657im,0.552773513852494 + 0.7808800099842323im,-0.39333667287426316 - 0.8549440438807638im,0.08538190356292685 + 0.33947704307643556im,-0.0009931768020173494 - 0.016102639391973563im,0.0021687897680320927 - 0.0175146992062402im,0.007363862740919376 - 0.02314785482837231im,-0.015486498604925698 + 0.028839526390892864im,0.010652664859488641 - 0.013238106737899512im,-0.0030725277089375344 + 0.0026323805804767597im,0.0001304704547726698 - 7.532715218465617e-5im,0.0001420902752379995 - 5.007068111956983e-5im,-0.00399808551064252 + 0.0006206176699664111im,0.016983902047486857 + 0.0005232684339648748im,-0.031976677533684515 - 0.007003000456788134im,0.02236965862611391 + 0.009468264390785262im,0.014711803003322936 + 0.009748394213118494im,0.011582244522652439 + 0.011230895216566094im,-0.202249506639337 - 0.28570941408377615im,0.39333667287426244 + 0.8549440438807626im,-0.2333595549187725 - 0.9278337489754914im,-0.04112721853236304 - 0.6668065221381655im,-0.35696988528058626 + 2.882815226507257im,0.43243579724688835 - 1.3593356380260613im,2.9347347430638813 - 5.46517080664802im,-6.8765181381613845 + 8.545474986668282im,-4.322474959131694 + 3.7032698220788203im,40.39496529952729 - 23.322044089587678im,-70.8241040368595 + 24.957451330536927im,43.19710366182957 - 6.705430824959347im,21.87022830299236 + 0.6738145381797587im,12.261610455004952 + 2.6853341322555266im,-250.61821176323195 - 106.07759062316777im,562.97205358974 + 373.0388116345553im,-648.1799613167661 - 628.5173148253105im,381.06428939821507 + 538.3135744621045im
0.0 + 0.0im,346.7482298254664 + 430.9053310280798im,-358.2041186570508 - 667.0608635865337im,171.6913434331762 + 539.7012998349046im,-28.04575671154251 - 226.4917513235136im,-0.6480141554070755 + 10.506425687972879im,-4.475635193157596 + 17.795051853606743im,-15.322129898325207 + 33.30369273837827im,36.384402997575414 - 51.39872346271413im,-28.08192539250382 + 27.23005553421549im,3.9790293023232173 - 2.6366004367943656im,8.470869945401313 - 3.5854117223503534im,-5.081688740269306 + 1.1129070095497626im,-1.19567545904706 + 0.03683836748702046im,2.4071871621590555 + 0.3736645661466117im,-0.5284041909109255 - 0.1862024526374222im,-0.69483085682281 - 0.40116078222789875im,0.599324280868093 + 0.5134696080283957im,-0.18403629088680265 - 0.228702591749853im,0.006400703414031034 + 0.011919624941590455im,0.004486704456923917 + 0.0141036826840352im,0.002503305722015337 + 0.020216181111064616im,0.0016899362249968835 - 0.027399385055404197im,-0.0034756724377925895 + 0.013819216398867105im,0.0014181317807376067 - 0.0030824059971820486im,-7.299590875979927e-5 + 0.00010311826549721515im,-9.070094626125811e-5 + 8.794951803319717e-5im,0.002828397596669169 - 0.0018741642175010569im,-0.01312253334952759 + 0.005554291967840932im,0.026815904153806216 - 0.00587277364386647im,-0.020360918358663292 + 0.0006273131953950517im,-0.014624995279152887 - 0.0022702192009773836im,-0.01276037629650361 - 0.00449658311545369im,0.25422563575956303 + 0.14677723924069422im,-0.5993242808680918 - 0.513469608028395im,0.5029944887395515 + 0.6250731453905649im,0.2650516278018063 + 0.4935888744086891im,-0.73848484481261 - 2.321382212312096im,0.14700423456254433 + 1.1871759025970747im,-0.32024763502599374 + 5.1922600009191635im,2.2436193080347913 - 8.920593436049202im,1.995047625820419 - 4.336371873209138im,-22.600267673631027 + 31.92645234326607im,45.2093800473359 - 43.83794601509153im,-30.55927239549848 + 20.249308266980005im,-16.89793072671807 + 7.15228061598684im,-10.282687136159689 + 2.251943236931275im,228.1133134034195 - 7.028096131147912im,-559.6502090317875 - 86.87378191405656im,714.1120357180858 + 251.6433722438526im,-478.994054656877 - 276.5473463963782im
0.0 - 0.0im,-363.1546995619423 - 180.82955393560377im,443.185682441382 + 334.6782919672043im,-279.85988250623166 - 306.9916670753109im,88.12294186750232 + 142.32343787115883im,-2.789120250482555 - 7.199549280942813im,-2.473059534346547 - 13.229700001750077im,1.5987211554602254e-14 - 26.88895807930871im,-8.48737725695155 + 45.40345808570044im,10.36438327518313 - 26.75355719903091im,-1.8431068655350948 + 2.9767197951845485im,-4.545342261438961 + 4.986002944655489im,3.0449706254574327 - 2.2994550780714635im,0.7854372952329587 - 0.3911013017666797im,-1.718566921185818 + 0.4889744473221306im,0.40918223391089337 - 0.03791631777164273im,0.5859786484457313 + 0.0542989181849598im,-0.556768598133921 - 0.1584143242853759im,0.19274400898637467 + 0.09597511256444899im,-0.007919228068307272 - 0.0059803234368936324im,-0.007313406471443814 - 0.008022424738272105im,-0.007865669908166234 - 0.012703493083254075im,0.007273661088778414 + 0.01877548357855643im,-0.0019205195440570202 - 0.010273872125812654im,-1.3191487832631132e-15 + 0.0024886935599829686im,1.7027730698557807e-5 - 9.109031372686282e-5im,3.347560245013329e-5 - 8.641049072997653e-5im,-0.0013101283335192316 + 0.002115929910277673im,0.007041355350181767 - 0.0077239988742394405im,-0.01606820972649825 + 0.012134148731095739im,0.013375054679830743 - 0.006659985880769744im,0.01044124590906631 - 0.002970790595817502im,0.009881298007015725 - 0.0009156371029347583im,-0.21439864533914005 - 0.01986696022647485im,0.5567685981339218 + 0.15841432428538482im,-0.52679378502225 - 0.26231213660880665im,-0.3279333777342928 - 0.2476437915019198im,1.2037431693947178 + 1.320443355416523im,-0.46190394325499856 - 0.7460004827022174im,-1.3783790933687494 - 3.5580065824744107im,1.239735564163548 + 6.631999500051576im,-5.773159728050814e-15 + 3.5011289117691913im,5.27195671911878 - 28.202477476783002im,-16.68572706090463 + 43.0708264523769im,14.155212359209019 - 22.86145292094353im,9.06717717992078 - 9.94621956245951im,6.161432130279576 - 4.652897562200842im,-149.84727045331022 + 74.6150748075836im,399.55195499385565 - 113.68233262327185im,-552.9894786300806 + 51.24202142334224im,403.9548416787705 + 37.431928547076765im
0.0 + 0.0im,250.68862707129023 + 7.723634117429441im,-335.3913375541634 - 73.45183650239038im,236.50658510269892 + 100.10465136471826im,-86.26939937653732 - 57.16417718898441im,3.4268241753451125 + 3.3228708963648277im,4.807479985223409 + 6.791325786752555im,6.948007950188901 + 15.101968424258933im,-6.965219100489392 - 27.69359648758498im,1.0919478199700556 + 17.704040150870206im,0.2659927864189982 - 2.1481029253407993im,1.2644903201635487 - 3.974848444741394im,-1.1160126765195508 + 2.0782797879702652im,-0.3400754410367423 + 0.42261303127118355im,0.838870177295863 - 0.7186999674014845im,-0.22001649455964647 + 0.12702658236016945im,-0.3431408660067503 + 0.12091817580106456im,0.3536383129889056 - 0.054894820341802486im,-0.13305274872470635 - 0.004099311410628435im,0.005993064756954208 + 0.0013125014375332466im,0.006180481369960902 + 0.0026159733883835117im,0.007700226573140763 + 0.005102355173487587im,-0.008936709580014598 - 0.008665613014624658im,0.003733375254849647 + 0.00527398298439487im,-0.0006430692698983497 - 0.001397754849766052im,1.3973913437302816e-5 + 5.556004979888432e-5im,3.5268486456055676e-6 + 5.718173422549894e-5im,0.00018907459600824982 - 0.0015269274714530183im,-0.0019588680387578813 + 0.006157582587340024im,0.0058891621462072805 - 0.010967014008040898im,-0.0057910766992354595 + 0.007196592822837739im,-0.005096600952196206 + 0.00436650036839914im,-0.0053131547976157205 + 0.0030675513526498667im,0.1255488353159038 - 0.04424170259000408im,-0.35363831298890464 + 0.05489482034180376im,0.36365001162374266 + 0.011203937208455077im,0.24817140657856765 + 0.05435037682699117im,-1.017270441853722 - 0.4305736471615793im,0.45218844162257815 + 0.2996309280756842im,1.6935314277428808 + 1.6421578713647564im,-2.40997187043485 - 3.4044664063789973im,-0.9046788440764282 - 1.966381074299989im,4.3264641744166505 + 17.201950338628787im,-1.7579380079851727 - 28.501916031998306im,-2.042846482851955 + 16.49760719045951im,-2.5224410211054007 + 7.929139994045928im,-2.2582274868001035 + 4.205354151614178im,64.8802608392143 - 80.62694447836665im,-195.0300655695932 + 167.09153044278497im,297.3413714805904 - 171.6701208655313im,-236.5502814290832 + 83.35710301281972im
0.0 - 0.0im,-108.4896532429876 + 45.919731621225445im,157.53767414743228 - 34.50128309463372im,-120.57429293838813 + 3.714854293565665im,48.03525367643176 + 7.456450627066051im,-2.114638109993018 - 0.7451697191168528im,-3.3847206929008395 - 1.9541694031779984im,-5.9296794992716215 - 5.080238370811364im,8.409029994081216 + 10.449933241327527im,-3.9416358840940395 - 7.340259086481296im,0.308214699146783 + 0.9688541683668781im,0.24076713051149046 + 1.944385726923224im,0.06821182762441541 - 1.1059364861042411im,0.062148310431201406 - 0.24710065923783137im,-0.21686477559533324 + 0.471370357785166im,0.06894695092766147 - 0.09739847221251285im,0.12268554201966943 - 0.11896385578079786im,-0.14012678943882828 + 0.09285137810503043im,0.05758077955433055 - 0.02437185357901208im,-0.002815020476410083 + 0.000616498998727851im,-0.0031508939629663443 + 9.707800627838956e-5im,-0.004287526509747364 - 0.0006655472238684278im,0.005514699817926765 + 0.0019433052373923373im,-0.0026284940381008258 - 0.0015175617404626306im,0.0005488184086219176 + 0.00047019882582720806im,-1.6870547147578075e-5 - 2.096509247339541e-5im,-1.2730968390137155e-5 - 2.3708076837417834e-5im,0.00021908703055219025 + 0.0006886867607969584im,-0.0003729811365266948 - 0.003012118791854064im,-0.0003599515683107672 + 0.005835990421169201im,0.001058311153954439 - 0.004207827727034399im,0.001317573626660217 - 0.002863836001500387im,0.001664992544470236 - 0.0023520652892508043im,-0.04488834888691665 + 0.04352665338809867im,0.14012678943882995 - 0.09285137810502984im,-0.15737556236106587 + 0.06661136220219949im,-0.11656933797811735 + 0.025529079006036653im,0.518618389421896 - 0.015978461940063887im,-0.2517808940350448 - 0.039083624245166024im,-1.0450510193495215 - 0.3682617705939457im,1.6967479187104137 + 0.9796178676143942im,0.7720854140644589 + 0.6614822852661529im,-5.223291110602851 - 6.491003533610674im,6.34568008430763 + 11.817158476435061im,-2.3671142461865804 - 7.440879720425989im,-0.4802890752516598 - 3.8787155901744215im,0.13802515626140888 - 2.23783853366648im,-11.856776776354117 + 47.14234928584631im,50.41918588694308 - 109.58953396430032im,-93.17838187208362 + 131.62920064582468im,84.5754684650758 - 82.0098576200571im
0.0 + 0.0im,16.178510483783537 - 17.746980595196593im,-26.234398608154923 + 19.811298209358043im,22.012256467704603 - 10.96080134161168im,-9.530777150387577 + 2.7117398992211097im,0.4550909582685152 - 0.04217038756493969im,0.7932994772553863 + 0.07351002212438189im,1.530931351734468 + 0.43558752491637903im,-2.447569058423907 - 1.2187445779863586im,1.3553244912207838 + 1.023493546281447im,-0.13962308584023536 - 0.15315922918440678im,-0.21024741180305323 - 0.33956122908736924im,0.08159321927861607 + 0.21061637736327055im,0.009543789551619268 + 0.05105476471318421im,2.7755575615628914e-16 - 0.10576829122813916im,-0.004469767721589479 + 0.02391114536988257im,-0.012584083933148802 + 0.03248326507849565im,0.01803873953739701 - 0.029133564670195018im,-0.008586728944535613 + 0.009419192953988539im,0.0004687791010494822 - 0.0003540055445493878im,0.0005752327824207617 - 0.0002864318913668492im,0.000850697280918746 - 0.0002420442449158194im,-0.0011868177409854572 + 0.00010997485930457513im,0.0006160576117163234 + 5.708614459673224e-5im,-0.00014169455672468525 - 4.031557730388084e-5im,4.910415259093872e-6 + 2.445096268932767e-6im,4.377520847553534e-6 + 3.305750294646481e-6im,-9.924772360932585e-5 - 0.00010886956662529992im,0.0003257019279981832 + 0.0005260266751382435im,-0.0004305647314521353 - 0.0011114156882223714im,0.0001625192843279174 + 0.000869401381687999im,4.639030045522352e-17 + 0.00064260095110684im,-0.00010793994269256947 + 0.0005774276923771378im,0.004604281325364735 - 0.011885020124016819im,-0.018038739537397198 + 0.029133564670195157im,0.023468617600309633 - 0.025743847158627847im,0.019412032674449096 - 0.014659286607155748im,-0.09467989169678193 + 0.04714498422532455im,0.04995638428262841 - 0.014213816810785065im,0.22490527697755 - 0.020840543023812982im,-0.39767808308978525 - 0.03685030120964097im,-0.1993378844089907 - 0.05671651808123657im,1.520313961830389 + 0.757026401947936im,-2.1819508155028036 - 1.64773276985435im,1.0723167860062233 + 1.1762754805042845im,0.4194074779826474 + 0.6773663346953642im,0.1651021125370266 + 0.4261776792852292im,-1.820782922800726 - 9.740328327085024im,-2.842170943040401e-14 + 24.59021351778547im,6.040669210720386 - 32.31472609443454im,-8.675062899255497 + 22.392918644387095im
0.0 - 0.0im,8.314366220041201 - 26.135704727630277im,-17.762284837834994 + 33.07757908428778im,17.60637760106221 - 21.879511748941848im,-8.594058757717718 + 7.362938767150556im,0.4520415713198002 - 0.26098632288638696im,0.8581624673468835 - 0.3024047858248481im,1.7963129095520776 - 0.2788393418521309im,-3.1211857424334637 - 0.0961627057785831im,1.8947464544347368 + 0.41495587751174073im,-0.2179724065272837 - 0.09225980643654101im,-0.38022453942122003 - 0.2519459170940507im,0.1851912012413869 + 0.17957339547654969im,0.034272474710878756 + 0.048415290754247144im,-0.050487459476638685 - 0.10973793126079016im,0.006776226708367281 + 0.02694216584755158im,0.002449185750054702 + 0.03970929934829164im,0.0048091378595926364 - 0.03883760625103877im,-0.004412841908324089 + 0.013871500253099462im,0.00031739198764315024 - 0.0005910590145262695im,0.0004600966552732743 - 0.0005717638461924934im,0.0007670877518050948 - 0.0006572005503801519im,-0.0011788653383632717 + 0.0006806182204423285im,0.0006664286757472976 - 0.00023484040449818394im,-0.000166256809078832 + 2.5807830570925125e-5im,6.2618531817849594e-6 + 1.9292563623434153e-7im,6.119783239242085e-6 + 1.3402532134522344e-6im,-0.00015494046007695345 - 6.558067180923054e-5im,0.0005890196911329655 + 0.0003902986022277749im,-0.000977247871020821 - 0.000947602894981526im,0.0005836191202701322 + 0.0008244543073116062im,0.00030673927981565724 + 0.0006667187129702096im,0.00016363837410172794 + 0.0006506234817420762im,-0.0008961113316816663 - 0.014528891129774167im,-0.0048091378595924075 + 0.03883760625103856im,0.012060855763122214 - 0.03791256683253776im,0.013143127799306311 - 0.024475615224367052im,-0.07572917055945264 + 0.09410892544376681im,0.04504649464294483 - 0.03859347382666239im,0.22339827446771796 - 0.12897905390043485im,-0.4301936592405485 + 0.1515943965576167im,-0.23389240459475288 + 0.036306817044295184im,1.9387327378387298 + 0.05973171776273006im,-3.050371773110271 - 0.6680417281612683im,1.674046014660013 + 0.7085629036217653im,0.7584826551641348 + 0.5025888346032236im,0.37473038591376817 + 0.363362877586511im,-6.538570065713595 - 9.236764299020908im,11.737897947346191 + 25.51312051437369im,-9.157734046085771 - 36.410999819818954im,1.688389917498526 + 27.374314361045233im
0.0 + 0.0im,5.4580752181711425 + 44.07829062106493im,3.7429848328916755 - 60.686007658707965im,-11.093095381235795 + 44.10596462997865im,7.659867541719023 - 16.649243722569643im,-0.4883901301983973 + 0.6899282982782264im,-1.057837937415664 + 1.0257482483632574im,-2.4539885467818534 + 1.6260717835266183im,4.656954368813258 - 1.9711197187554885im,-3.068402795905088 + 0.6719905830957862im,0.3831260520414099 - 0.011803987605635002im,0.7299147427101322 + 0.11330372641825098im,-0.3939973133173502 - 0.1388392963836511im,-0.08319160348559701 - 0.04803069466672585im,0.14855357579339395 + 0.12727291179220335im,-0.028205105314744426 - 0.035050590592630375im,-0.030480705880858668 - 0.05676228979119863im,0.019212301511016196 + 0.06039270175756398im,-0.002896868194652657 - 0.023394510531789595im,-6.688291549623138e-5 + 0.0010843904806603223im,-0.00028988905027375964 + 0.0011525940919630325im,-0.0006837037932078203 + 0.0014860767533073757im,0.0012736576293380032 - 0.001799242831630402im,-0.0008214919232794052 + 0.0007965718297141926im,0.00022712763635670928 - 0.00015050023001253053im,-9.342976336018491e-6 + 3.954542696660177e-6im,-9.910539722976926e-6 + 2.170441695699075e-6im,0.00027233597002729564 - 8.390581631573043e-6im,-0.001130737529352435 - 0.00017552293189868003im,0.0020791108489300607 + 0.0007326503953499665im,-0.0014166531845076118 - 0.0008179050974237674im,-0.000902545252331439 - 0.0007732534318001536im,-0.0006811220718711981 - 0.0008464329637613184im,0.011152321107894955 + 0.020768261898040402im,-0.019212301511016452 - 0.06039270175756421im,0.007917507625772077 + 0.06394015988665779im,-0.002769605850750284 + 0.04490435558094013im,0.047714012001378134 - 0.18971012628692763im,-0.04014985141611329 + 0.08726843617217565im,-0.24136167838466033 + 0.34096154230196896im,0.5302902311577904 - 0.5142037891580317im,0.31952633586423096 - 0.21172582876307217im,-2.892679461748448 + 1.2243662006386349im,4.939853168878913 - 1.081844540029937im,-2.9424395993539036 + 0.09065559592211819im,-1.4560545538090806 - 0.22602147505924286im,-0.7972450325863705 - 0.28093831005516773im,15.87145757224755 + 9.163390301768846im,-34.537422370857286 - 29.58985192688751im,38.11779982144453 + 47.36913338646067im,-21.01241871357977 - 39.13009773777057im
0.0 - 0.0im,-21.058777283384565 - 34.0110931026423im,19.782110514352645 + 51.0635134876304im,-7.5266972704456805 - 40.26427407389453im,-1.9984014443252818e-15 + 16.506230451924182im,0.13989330883527176 - 0.748363103451057im,0.4794104895089373 - 1.2375011240276748im,1.3957824112655195 - 2.254265995682363im,-3.0684027959050884 + 3.3658775282036815im,2.257663580031821 - 1.7049083955945523im,-0.3090378675982745 + 0.15388257349943657im,-0.639882946026386 + 0.18206239514270267im,0.3746412435385324 - 0.034715623658928996im,0.0861497458392009 + 0.007982949572284369im,-0.16946022569653182 - 0.048215591247311215im,0.0362724551286655 + 0.01806153655447028im,0.04630756843613061 + 0.03496985241938226im,-0.03845417095215307 - 0.04218221611787268im,0.011176925874419392 + 0.01805135509059812im,-0.00035348399337417494 - 0.0009124473675458706im,-0.00019669055826555582 - 0.0010522015515155578im,-2.6346112791397758e-17 - 0.0014733116871900602im,-0.0003648234660656224 + 0.0019516331663766515im,0.0003722988476187613 - 0.0009610141047904415im,-0.0001291859166802754 + 0.00020864241929345742im,6.155957830145587e-6 - 6.752764061112764e-6im,7.291958090033096e-6 - 5.506631137565522e-6im,-0.0002196721601131698 + 0.00010938373859203299im,0.000991265991940646 - 0.00028203949149994533im,-0.001976969506058834 + 0.00018319320294098366im,0.0014670267992701839 + 0.00013594005235480206im,0.001029564730061573 + 0.0002929364220025396im,0.0008759396397706969 + 0.0004361661146758889im,-0.016943074577871135 - 0.012794815999374235im,0.038454170952153435 + 0.04218221611787257im,-0.03054795382363701 - 0.04933663942638579im,-0.014637689295260362 - 0.03778423157700769im,0.032374095015920375 + 0.17318611175364954im,-1.8041124150158794e-16 - 0.08651881987193613im,0.06913506585718353 - 0.3698399363982335im,-0.24032669874011903 + 0.6203547196670471im,-0.1817405546249512 + 0.29352107393015786im,1.9059464716954122 - 2.090723684517564im,-3.634635780206631 + 2.7447495328401867im,2.3734362476158855 - 1.1818308243530504im,1.2764565817743634 - 0.3631832103303535im,0.7580784444905573 - 0.07024631280398003im,-16.435817782782742 - 1.5230028047222453im,39.398037769765956 + 11.209708220588332im,-49.02042265745499 - 24.409270136322156im,31.922948943212297 + 24.107092016185963im
0.0 + 0.0im,22.30824443656478 + 14.781978858818732im,-26.300358146663516 - 25.502532425877593im,15.83258461992101 + 22.366029714258854im,-4.615286785847784 - 10.031640120227221im,0.1242289097370157 + 0.4939321001557265im,0.0546550641715971 + 0.886137078023445im,-0.21797240652728422 + 1.760300233733652im,0.9236889402535304 - 2.9035600265541817im,-0.8953847700842961 + 1.6674183987998772im,0.14479044565535668 - 0.17993163208426155im,0.337981787141184 - 0.28956506736678655im,-0.2179809363935063 + 0.12585135230499778im,-0.05458949885653145 + 0.01923659719240841im,0.11647073422578662 - 0.01807960222512202im,-0.02709470150816193 - 0.0008347788386525662im,-0.03792124198140657 - 0.00830488016267233im,0.03516498999882983 + 0.01488406364054514im,-0.011840079369311154 - 0.00784552112209309im,0.0004699577235759661 + 0.00045570147818718135im,0.0004137432124321984 + 0.0005844777214509073im,0.0004119508679543241 + 0.0008954032644742315im,-0.0003239727604789944 - 0.0012881103626785383im,4.244383018937761e-5 + 0.0006881530967714352im,2.0174322960916704e-5 - 0.00016292367455855922im,-1.8531433265586705e-6 + 5.8252433822140695e-6im,-2.8919757024968515e-6 + 5.385543351157677e-6im,0.00010292081746494991 - 0.00012790008745476217im,-0.0005235799040571394 + 0.00044857579892889477im,0.0011502782237264807 - 0.0006641134421119853im,-0.0009295936627688764 + 0.00032757616790561486im,-0.0007076242200809784 + 0.0001098435972690968im,-0.0006543070490973763 - 2.0158984899772787e-5im,0.013874674328077081 + 0.003038600572399251im,-0.03516498999882984 - 0.01488406364054514im,0.03236043630473581 + 0.02144280275747297im,0.019460839156955064 + 0.018870491377623793im,-0.06809966980411888 - 0.09620155362717613im,0.02419142076351801 + 0.05258170041366728im,0.061393743042764015 + 0.24410051172249828im,-0.027398380780620454 - 0.4442172277263458im,0.028381519737941525 - 0.22920330432816105im,-0.5737518160815624 + 1.8035539517015744im,1.4414891355755495 - 2.684394002036151im,-1.1120025345036393 + 1.3818897373334562im,-0.6742156192711479 + 0.5776325785638778im,-0.4410797050239567 + 0.254657486429662im,10.414691852185502 - 3.669995809451891im,-27.078439009737572 + 4.203351248943086im,36.61714419375015 + 1.128162164681111im,-26.14168509636383 - 5.725117391515813im
0.0 - 0.0im,-13.237145449246158 - 2.054785057459244im,17.29543651382663 + 6.094676676877879im,-11.87907985421355 - 6.8583899515552575im,4.1975438166629155 + 3.596235372112832im,-0.1598304143176919 - 0.19862185778017205im,-0.21024741180305295 - 0.3915304508780749im,-0.269160074134677 - 0.8460883290291437im,0.18742739262261954 + 1.5136249963840713im,0.05832112508913251 - 0.9455758978027253im,-0.028198083581236037 + 0.1121151161443118im,-0.093113615977329 + 0.20238878516538839im,0.07279540558543474 - 0.1028350230534553im,0.02079963350210684 - 0.020168673174556888im,-0.04918178727041554 + 0.03258903414553747im,0.012495789262816599 - 0.005289013949180729im,0.0189819477143321 - 0.004157110705892812im,-0.019105025289730043 + 0.0005886195431603772im,0.007025602269504431 + 0.0010905752013057974im,-0.00030904993487025477 - 0.00010890499517248207im,-0.00031042869990014724 - 0.00017922609345150475im,-0.0003746640022139688 - 0.00032099246518165446im,0.00041681683148171077 + 0.0005179798461781148im,-0.00016327316744654387 - 0.00030405328806800227im,2.491197097072536e-5 + 7.83092661836027e-5im,-3.760246623270581e-7 - 3.0366976789590157e-6im,1.8836960638121743e-7 - 3.0540864806822137e-6im,-2.00439317662884e-5 + 7.969434275538478e-5im,0.00014424569599486074 - 0.0003135278430697224im,-0.00038413895828509734 + 0.0005426570305272609im,0.00035419280074883635 - 0.0003434483034695492im,0.0002988065979900725 - 0.00019799643252640603im,0.00030175947855460845 - 0.00012772383222904246im,-0.006945140213975045 + 0.001521009180509287im,0.019105025289729953 - 0.0005886195431603954im,-0.019201860701541368 - 0.002980680131998247im,-0.012797685349680593 - 0.004509730318536004im,0.05109471605986836 + 0.02949954807133235im,-0.02200178523110847 - 0.018849975546091087im,-0.07898795383306123 - 0.09815862769017718im,0.10539624706384401 + 0.1962727615996483im,0.03504650922759307 + 0.11016657104887634im,-0.11642101817430411 - 0.9401921498631813im,-0.09389177814875321 + 1.5222923474747085im,0.21656360175254372 - 0.8610533156683616im,0.18574567224389016 - 0.40373086750623444im,0.1472999270209548 - 0.20808444254348585im,-3.968194947752653 + 3.847819096718416im,11.434340444786042 - 7.576668760286844im,-16.88743893758857 + 7.147839822541073im,13.08554450582133 - 2.8657784741715924im
0.0 + 0.0im,3.8510022748503983 - 1.0957046163101678im,-5.457640032129953 + 0.5057248252536313im,4.082332187827055 + 0.37828378569525656im,-1.5890257790740578 - 0.45211681461157793im,0.0682118276244148 + 0.03396545432933688im,0.10600067952528634 + 0.08004799743407354im,0.17878279907409625 + 0.19611538831731287im,-0.23998148305448402 - 0.3875834030267316im,0.10228960090001374 + 0.26403989662339156im,-0.006349248561215823 - 0.03396547981754224im,1.0408340855860843e-17 - 0.06658721809194962im,-0.006919664974553701 + 0.03701693811028753im,-0.0031282043154683948 + 0.008074826148559254im,0.009283260362615923 - 0.014992980278019857im,-0.002732279438180183 + 0.0029971677688525075im,-0.004634881812742859 + 0.0035001002740286434im,0.005114093514873461 - 0.002546515989453094im,-0.002043915769135594 + 0.0005815441757115057im,9.752186914314698e-5 - 9.036731983142427e-6im,0.0001066810804523834 + 9.885457899767126e-6im,0.0001418331252780691 + 4.035500345658118e-5im,-0.0001778875314897947 - 8.857746577096625e-5im,8.231762069800907e-5 + 6.216338159275596e-5im,-1.6547149182143228e-5 - 1.8151357984195065e-5im,4.814608732835787e-7 + 7.77586009208048e-7im,3.3038203273608e-7 + 8.5281433305659e-7im,-4.513211139392617e-6 - 2.4143547128355153e-5im,4.784719712450092e-17 + 0.00010315268628804883im,3.651484422170865e-5 - 0.00019533716352355005im,-5.32695659131914e-5 + 0.0001375046002050425im,-5.640094842341506e-5 + 9.109065935272026e-5im,-6.598152395096866e-5 + 7.23782839200835e-5im,0.0016958167069651441 - 0.0012806213320115775im,-0.005114093514873483 + 0.0025465159894530447im,0.005586280631766279 - 0.0015894338770464239im,0.004038357738307612 - 0.00037420895286129183im,-0.017559070783171715 - 0.0016270875233905958im,0.008329014644015531 + 0.0023698089856665607im,0.033710184098982326 + 0.01678567718126505im,-0.05313774715404224 - 0.04012776396234828im,-0.02327876092926816 - 0.025535584311426003im,0.14906512975100106 + 0.24074845078108514im,-0.16467707884493857 - 0.4250805408553883im,0.048762751301086024 + 0.260857679329491im,1.3877787807814457e-17 + 0.13283006419116086im,-0.01400179224999265 + 0.07490297276776936im,0.5968049657664527 - 1.5405311984678982im,-2.1582777958048895 + 3.4857383250072513im,3.6925400390671914 - 4.050523469759299im,-3.195138515426157 + 2.412856604596861im
0.0 + 0.0im,0.6333763337972482 - 0.5426436208762819im,-0.9887878231992033 + 0.5708769158954858im,0.8054873836124159 - 0.28384280249286575im,-0.340075441036741 + 0.05278947317836996im,0.015865815474895833 + 0.0004888205545435127im,0.02702928261022346 + 0.0059195042470123575im,0.050908238759031305 + 0.02154760929955391im,-0.07915990605971887 - 0.05245325606720075im,0.042346333864583266 + 0.041061750812529246im,-0.00415877086372359 - 0.005874921558657017im,-0.0057974492249840675 - 0.012601150684430807im,0.0019134014271733782 + 0.007607652577531283im,0.00011104864954309102 + 0.001800461262209959im,0.0004514187803672829 - 0.003645565038494224im,-0.00025611427301632124 + 0.000805079646353769im,-0.0005723799791911481 + 0.0010659070159504643im,0.0007460916264308099 - 0.0009271708738824204im,-0.00033616388255595453 + 0.0002880075820711009im,1.7668522683190916e-5 - 1.0200926327324351e-5im,2.104930721482594e-5 - 7.417489673887121e-6im,3.0354424243940387e-5 - 4.71187822204021e-6im,-4.1375973173504146e-5 - 1.2747801197641555e-6im,2.0990301605761647e-5 + 4.596946996074107e-6im,-4.711785617583244e-6 - 1.9943277957688144e-6im,1.5881390937234035e-7 + 1.0523391284715812e-7im,1.367731200245873e-7 + 1.3262408477417043e-7im,-2.9561625769431724e-6 - 4.176047159902337e-6im,8.98103987991764e-6 + 1.9520901768636105e-5im,-1.00969563272092e-5 - 4.014533214876212e-5im,1.8910252527855476e-6 + 3.065969489498703e-5im,-2.7426191181017463e-6 + 2.2148826778396395e-5im,-6.184876189115001e-6 + 1.9441782281139686e-5im,0.00020942314619027392 - 0.0003899954731856611im,-0.00074609162643081 + 0.0009271708738824206im,0.0009187784617053124 - 0.0007871611941258918im,0.0007316493821235935 - 0.0004224179677214861im,-0.0034645906636349994 + 0.0012208746449217846im,0.0017825345351637917 - 0.0002767005425228031im,0.007840862489187838 + 0.00024157439345797826im,-0.013549679035355441 - 0.0029674255048524074im,-0.0066286059147694565 - 0.0028056482395361917im,0.04917038397162519 + 0.03258147804572317im,-0.06817379771995112 - 0.06610573427376806im,0.03193970237434256 + 0.0451198808986812im,0.011564915531329763 + 0.025137131453428267im,0.0038717263585219854 + 0.015393920268167991im,-0.021186079554094017 - 0.34349553724599im,-0.10495096466318549 + 0.8475623615416427im,0.34612572728624513 - 1.0880251804622578im,-0.39458035627669974 + 0.7348020290749872im
-0.0 + 0.0im,-0.9771086475490722 + 2.1238121844629148im,1.8490544335693007 - 2.6120818171694897im,-1.7185669211858223 + 1.6664339089672064im,0.8041256109280779 - 0.5328329539500024im,-0.040973479966427515 + 0.01734258657304368im,-0.0757624254856335 + 0.01659222724825606im,-0.15487678387166387 + 0.0047717027528683675im,0.2630239812761326 + 0.04082887421248499im,-0.15593615193089277 - 0.054949779815937495im,0.01747258280085374 + 0.010087800383510927im,0.029525321147919344 + 0.025295746494327895im,-0.0137849112922752 - 0.017130561175699225im,-0.0023920742819339568 - 0.0044546085685790195im,0.0031214032190438686 + 0.009811941248409577im,-0.00029100619375531465 - 0.0023501060480391966im,0.00020876695444017749 - 0.003384794104616652im,-0.0008136413001787308 + 0.003235024415987029im,0.0005185994788752564 - 0.0011272112828537631im,-3.3040516312469364e-5 + 4.667495468107115e-5im,-4.4910254125974104e-5 + 4.354789412808533e-5im,-7.17745740919739e-5 + 4.7559557626514005e-5im,0.00010685348071776596 - 4.522719919062435e-5im,-5.8835307775764837e-5 + 1.2885131258288282e-5im,1.4334540352119981e-5 - 4.416424718053012e-7im,-5.276896955082972e-7 - 8.191259251970648e-8im,-5.036533762863115e-7 - 1.774806020800592e-7im,1.2419966641838401e-5 + 7.1706710840134004e-6im,-4.5738751027624566e-5 - 3.918656278684298e-5im,7.274252298327866e-5 + 9.03974072535322e-5im,-4.073415473555569e-5 - 7.585663877140472e-5im,-1.896425340766427e-5 - 5.9612977625186694e-5im,-7.027477451545906e-6 - 5.6752459623725515e-5im,-7.638393027167845e-5 + 0.0012384329577651im,0.0008136413001787295 - 0.0032350244159870213im,-0.0014173980494849633 + 0.0030808111823398144im,-0.0013682000345198084 + 0.0019327989309222877im,0.007391960483936586 - 0.007167724138247698im,-0.004214893224042433 + 0.0027928895394319815im,-0.020249033062850683 + 0.008570680576818271im,0.03797942265334453 - 0.008317621926470092im,0.020166031877307082 - 0.0006213088070263148im,-0.16337803816159474 - 0.02536096266514702im,0.25104321221666304 + 0.08846421477493445im,-0.13419087337518093 - 0.07747513686595182im,-0.05889794491680227 - 0.05046066988359612im,-0.027893469526169185 - 0.03466331962457462im,0.4563646315814965 + 0.8498589753641629im,-0.7256992690354501 - 2.281191532175949im,0.3932804262413587 + 3.176051672159186im,0.14391722676639807 - 2.3333682383687706im
0.0 + 0.0im,-1.5543122344752192e-15 - 2.100661107564696im,-0.5284041909109235 + 2.826712753304638im,0.7770363499909285 - 2.0057620297567844im,-0.45630536773741603 + 0.736958472778835im,0.026933930290591643 - 0.029545114100499502im,0.055614395444876404 - 0.04199804193526im,0.12463580671962363 - 0.06206125753212111im,-0.23004364519604537 + 0.06545306026959424im,0.14792978708923726 - 0.01370771345949642im,-0.018051699937968464 - 0.0016727363371190752im,-0.03360205156731703 - 0.009560607964385274im,0.01768641028903196 + 0.008806785888067856im,0.0036256686563319175 + 0.002737977875223096im,-0.006233047353298182 - 0.006837327239661327im,0.0011201659343133595 + 0.00180913010141364im,0.0011007857667907454 + 0.0028414556075156312im,-0.0005507711458235844 - 0.0029463653938231137im,1.1600963245594897e-16 + 0.0011149238709626049im,9.441986656741108e-6 - 5.05101673269468e-5im,2.0305813822543392e-5 - 5.241534755622794e-5im,4.072886496850854e-5 - 6.577937549596223e-5im,-7.024017006401181e-5 + 7.704979617127928e-5im,4.3188824166908616e-5 - 3.2614686071648253e-5im,-1.1535602406482411e-5 + 5.744047481861222e-6im,4.615231679561999e-7 - 1.3131466293072512e-7im,4.777938649779583e-7 - 4.427412168124984e-8im,-1.2831618176504975e-5 - 1.1890245274096172e-6im,5.205416269501346e-5 + 1.4810686229740047e-5im,-9.333060472166497e-5 - 4.6473119143686426e-5im,6.174078672324185e-5 + 4.6624477874368304e-5im,3.7869214969993344e-5 + 4.1540549972199155e-5im,2.7050767352411132e-5 + 4.368848934293563e-5im,-0.000402756956818482 - 0.0010396355475725983im,0.0005507711458235849 + 0.0029463653938231137im,-1.6084139228822458e-16 - 0.0030472281296041906im,0.00039099045388784373 - 0.002091614187465191im,-0.003342216077190401 + 0.008627254185663154im,0.0023917636454220464 - 0.0038628309198250337im,0.013310708424414324 - 0.01460115159261325im,-0.027879289986719222 + 0.021053462518496026im,-0.016228446824183153 + 0.008080806344581524im,0.14289221561213697 - 0.04065634063721517im,-0.23815368324509723 + 0.022068188655460813im,0.13863854063203132 + 0.012846752684637475im,0.06703032195275063 + 0.019071770919490937im,0.03578806827004354 + 0.01782034055815679im,-0.6917121901606499 - 0.5223567987589023im,1.4491296352085334 + 1.5896194857832049im,-1.5138486587615594 - 2.4449495326147606im,0.7588463185912222 + 1.958808146193875im
-0.0 + 0.0im,0.5527735138524917 + 1.2014908750557765im,-0.4416034191495962 - 1.755807925210484im,0.08336901197872959 + 1.351683943515044im,0.06706251213336975 - 0.5415830272459774im,-0.007630509689214526 + 0.02398604329911811im,-0.020757647807282936 + 0.038655654000472814im,-0.054955539788396617 + 0.06829345625287052im,0.11435191596824401 - 0.09797072360302539im,-0.08100260807800695 + 0.046766877578898615im,0.010764990609907758 - 0.0037934363289739642im,0.021734781034364922 - 0.0033738620964614357im,-0.012433332755009605 - 0.0003830668913140764im,-0.0027942105636929388 - 0.0006119415575081839im,0.005364236469093924 + 0.0022704865547123346im,-0.0011167476483250186 - 0.0007399838286297574im,-0.0013773118588209763 - 0.0013355308754450738im,0.0010903325860321651 + 0.0015402672149272525im,-0.00029338401306656524 - 0.0006376901312260402im,7.890954808662543e-6 + 3.1374306424583944e-5im,2.1786312002283866e-6 + 3.5322726542107054e-5im,-5.985859896184781e-6 + 4.834057091063738e-5im,1.9899371999107476e-5 - 6.255246606510797e-5im,-1.6119898348382516e-5 + 3.001906665248744e-5im,5.086381463955272e-6 - 6.320865400085127e-6im,-2.2941758932526318e-7 + 1.9655295709829053e-7im,-2.6162782999400614e-7 + 1.5105089807329908e-7im,7.65203552332064e-6 - 2.6964732805200947e-6im,-3.36701414152016e-5 + 5.226572732545052e-6im,6.561028754693374e-5 + 2.0214313720115905e-6im,-4.758205308474021e-5 - 1.0420630446592418e-5im,-3.259070764010088e-5 - 1.3794463374577224e-5im,-2.6968219529661542e-5 - 1.786979034057107e-5im,0.0005039326902509635 + 0.0004886458086206611im,-0.0010903325860321653 - 0.001540267214927252im,0.0008018556608896777 + 0.0017428878836044353im,0.0003267625886806198 + 0.0012992026736855854im,-0.0003585897264367648 - 0.005813910516991192im,-0.00035151389799914035 + 0.0028387537976323637im,-0.0037709865774134795 + 0.011853867042994171im,0.010405731789983226 - 0.01937793585428182im,0.00715559259111267 - 0.008892281860321066im,-0.07102999354000956 + 0.06085477279248593im,0.13040693051629423 - 0.07529047643777487im,-0.08267601351693415 + 0.029133903091493118im,-0.043357155362592284 + 0.0067302754445496445im,-0.025158579620669835 - 0.0007751275603300987im,0.5330849815541108 + 0.1167474127165518im,-1.2471386140708303 - 0.5278684993520437im,1.5092290149210867 + 1.0000514139567445im,-0.9494745164315214 - 0.9206720497040488im
0.0 + 0.0im,-0.47679314385580995 - 0.40849135685218896im,0.5388345180656333 + 0.6696116848045575im,-0.30415232079189713 - 0.5664036207342996im,0.07853715562557541 + 0.24687677391817256im,-0.0014684092054075342 - 0.011858570122140926im,0.0012822731834236326 - 0.020789835840632983im,0.010150265376979547 - 0.04035728805318144im,-0.029877865665440356 + 0.06494157564276497im,0.02565492142327905 - 0.036241633861097994im,-0.003889971870636253 + 0.0037719689296032127im,-0.008704202643833557 + 0.005767613844733002im,0.0054381741188572075 - 0.002301781677632453im,0.0013264887790907058 - 0.00029050552597615124im,-0.002763956880019117 + 8.515660206446954e-5im,0.0006284492659717929 + 9.755337100749264e-5im,0.0008589905421755842 + 0.0003026965881359602im,-0.0007758472158467106 - 0.00044793559891924417im,0.00025305750445987844 + 0.0002168063964228154im,-9.628364833751056e-6 - 1.1965205238502728e-5im,-7.948225845251682e-6 - 1.4801478040505268e-5im,-7.010062630516476e-6 - 2.2035705691238052e-5im,3.8294192937174646e-6 + 3.092560102111858e-5im,9.957830272544392e-7 - 1.614489481365413e-5im,-9.394525441179384e-7 + 3.7352478508383805e-6im,5.9942221842705e-8 - 1.3028850111117538e-7im,8.286204086267888e-8 - 1.1705573743033732e-7im,-2.7650932562147623e-6 + 2.6812136942573144e-6im,1.3483997536476188e-5 - 8.934820805032892e-6im,-2.869706575847839e-5 + 1.2146426120379313e-5im,2.2588512234198947e-5 - 4.946960525432785e-6im,1.6792568919261905e-5 - 5.173735232321981e-7im,1.5176354114911822e-5 + 2.3558059236900417e-6im,-0.00031428859923502073 - 0.00011075102926925294im,0.0007758472158467075 + 0.00044793559891924406im,-0.0006916382060523244 - 0.0005925593370667446im,-0.00039870833050314753 - 0.0004954763438175473im,0.0013082306593216121 + 0.002436235174093656im,-0.0004116592241101926 - 0.0012940257435156482im,-0.0007256856526331647 - 0.00586048777594965im,-0.0006427987868410515 + 0.010421867531614021im,-0.0013216349800039334 + 0.0052547989247794585im,0.0185587148867261 - 0.04033863061520207im,-0.04130212143570352 + 0.05834577849851233im,0.029875303993411782 - 0.028969031698208428im,0.017363389386784618 - 0.011505399071752798im,0.011004027581036958 - 0.004657605386036555im,-0.2530701356302729 + 0.055423215046364986im,0.6425960847473384 - 0.019798173941370553im,-0.8493179887444612 - 0.13183853867850798im,0.5921604641882744 + 0.20866929650328725im
-0.0 + 0.0im,0.19536214226227427 + 0.05558532191138241im,-0.24890313821287094 - 0.1239390362027505im,0.16597543987222282 + 0.12533883409532143im,-0.05646313192437585 - 0.06193710524898759im,0.002035009637261988 + 0.0032866534132683463im,0.0024342257545344084 + 0.006283460986552809im,0.0024737444636154645 + 0.013233364049714876im,5.195496810550537e-16 - 0.023126076162190753im,-0.0026395293123228666 + 0.014120234657868363im,0.0006332287019401421 - 0.0016345516995677487im,0.0017782790822625067 - 0.0028720193302498188im,-0.0012870316669238624 + 0.0014118064849785665im,-0.0003505711511127091 + 0.0002647390444137038im,0.0008008054390367925 - 0.00039875372810785445im,-0.00019789023312684665 + 5.630462577905977e-5im,-0.0002933840130666322 + 2.718603239988175e-5im,0.00028858679035964933 + 2.6741504251973707e-5im,-0.00010368826990065888 - 2.9501856368452487e-5im,4.44761822533075e-6 + 2.2146507279983218e-6im,4.337334258841382e-6 + 3.275402791531629e-6im,5.039781336068872e-6 + 5.528376772657466e-6im,-5.307039168211477e-6 - 8.571162552238068e-6im,1.8903621491927082e-6 + 4.879587192144824e-6im,-2.2895613500805212e-7 - 1.2248071416940483e-6im,7.045990632175694e-19 + 4.6396499777166895e-8im,-8.52533446168081e-9 + 4.560651120057141e-8im,4.501154433948698e-7 - 1.1618818931892457e-6im,-2.754796934939475e-6 + 4.449149814075678e-6im,6.791623727342374e-6 - 7.450056333748395e-6im,-5.969806047902192e-6 + 4.508188262069345e-6im,-4.865336584369941e-6 + 2.422649756048318e-6im,-4.778830076563566e-6 + 1.3596943864883164e-6im,0.00010734373194750421 - 9.946861603517475e-6im,-0.00028858679035964667 - 2.6741504251973063e-5im,0.00028339317237698996 + 8.06323094722907e-5im,0.00018417482801611596 + 9.170816744626142e-5im,-0.0007138993993862978 - 0.0005391118014166499im,0.00029595633931074443 + 0.0003246486390720807im,0.001005698746162226 + 0.0016242592449052231im,-0.0012202683345011065 - 0.003149875667316869im,-0.000322098693312975 - 0.0017230758193668332im,-3.8424124992886277e-16 + 0.014364823068310953im,0.004249405343792337 - 0.022732310768674536im,-0.004863248526452702 + 0.012553491526802815im,-0.0035473613617635624 + 0.0057291853140422015im,-0.00260428071094435 + 0.002856759853628029im,0.06688265303002165 - 0.0505074350665263im,-0.18618034293130634 + 0.09270679521552627im,0.26743882743106384 - 0.07609290695840135im,-0.20224950663933083 + 0.018741176735850032im
0.0 + 0.0im,-0.012129298986309435 + 0.001882815476349155im,0.01679515634131105 + 0.0005174532408619677im,-0.01227780308155266 - 0.0026888803721982647im,0.004664211866379732 + 0.0019741915539999233im,-0.0001947354296352247 - 0.00012903637541341521im,-0.00029234532391361843 - 0.0002834769800884398im,-0.0004700547700514803 - 0.0006640267023156868im,0.0005841158617023322 + 0.0012696156024543971im,-0.00021173784096436014 - 0.0008418661702123511im,6.521233153747632e-6 + 0.00010573048590385179im,-2.5085916796915858e-5 + 0.00020258869415894825im,3.4998454470726486e-5 - 0.00011001551384224733im,1.255951619859794e-5 - 2.3388792270387513e-5im,-3.389233421759127e-5 + 4.211813136781989e-5im,9.441986656746711e-6 - 8.089398915438419e-6im,1.5420044682777516e-5 - 8.902766948521419e-6im,-1.651877412417691e-5 + 5.82099141035456e-6im,6.437613820321918e-6 - 9.993025108352466e-7im,-3.001104926876474e-7 - 9.246305535913665e-9im,-3.208482891774225e-7 - 7.026685975410786e-8im,-4.163178185500621e-7 - 1.7621221863527472e-7im,5.078445495075503e-7 + 3.365100026460255e-7im,-2.2702846428928105e-7 - 2.2014151821966104e-7im,4.3505675287747486e-8 + 6.14586468088369e-8im,-1.1718776352358664e-9 - 2.5471558425567634e-9im,-6.838855336879034e-10 - 2.719117624344552e-9im,4.635462264129817e-9 + 7.515598139472169e-8im,3.88615079542854e-8 - 3.1383752937001194e-7im,-1.846856918188795e-7 + 5.805482439751143e-7im,2.1387349050880399e-7 - 3.9828306780005306e-7im,2.0591470232233212e-7 - 2.558909760333394e-7im,2.2801352600701176e-7 - 1.953500292939006e-7im,-5.641906407040805e-6 + 3.257356182850572e-6im,1.6518774124177006e-5 - 5.820991410354514e-6im,-1.7594813809024182e-5 + 2.731220310468169e-6im,-1.2427505144664336e-5 - 3.8288734455504715e-7im,5.280971842852057e-5 + 1.1565506825652443e-5im,-2.4447865761187426e-5 - 1.0347894024058416e-5im,-9.623796066194701e-5 - 6.376958545374708e-5im,0.0001465516256438986 + 0.00014210595780508368im,6.120439254984275e-5 + 8.646088401071825e-5im,-0.0003628251046957162 - 0.0007886250726719271im,0.00034087892438868503 + 0.0013553289920884572im,-5.008360712084709e-5 - 0.0008120188301598432im,5.0042095674092787e-5 - 0.00040412965161537617im,7.08186148277501e-5 - 0.0002226140101811341im,-0.0023961291779708528 + 0.004462159744881267im,0.007879674762156421 - 0.009792101501108541im,-0.012760376296503466 + 0.01093242110226238im,0.010630083067076627 - 0.006137281320284887im
-0.0 + 0.0im,-0.03484877679032281 + 0.023091636961173077im,0.05270207514047575 - 0.022306875116580256im,-0.041816071260994354 + 0.009157860938907279im,0.01724168600370894 - 0.0005312106728418559im,-0.0007862094560580888 - 0.00012204228234366553im,-0.001308068116539884 - 0.00046094541963536117im,-0.00239962728592623 - 0.001385425459484196im,0.0036145970429631155 + 0.003096797153191362im,-0.0018535298110879776 - 0.0023033884764725896im,0.00017068459303936536 + 0.00031785511696687805im,0.00021076740147093196 + 0.000662534512585804im,-4.8319288400037124e-5 - 0.0003902166151194024im,5.566131269306738e-6 - 9.024516526724808e-5im,-4.4910254126073756e-5 + 0.00017856243112756963im,1.7698954802199245e-5 - 3.84698835235497e-5im,3.5037687260697845e-5 - 4.9496274499765076e-5im,-4.282414820780852e-5 + 4.152507057819733e-5im,1.8495954905769256e-5 - 1.225586420142057e-5im,-9.41726615396031e-7 + 3.9859868794280854e-7im,-1.0927537146053592e-6 + 2.393167568341276e-7im,-1.5389569151415228e-6 + 4.741475613827984e-8im,2.0503315077124357e-6 + 3.182703221780714e-7im,-1.0158147622245133e-6 - 3.5795931121348544e-7im,2.2209625807053144e-7 + 1.2822733443303537e-7im,-7.251755538030141e-9 - 6.212923777773355e-9im,-5.9866588709631586e-9 - 7.439643527387341e-9im,1.2132705138718057e-7 + 2.2593969050683168e-7im,-3.265074628475144e-7 - 1.0263563593321352e-6im,2.549792937087615e-7 + 2.0591602291417782e-6im,9.478453669714964e-8 - 1.536766878015149e-6im,2.728546682927731e-7 - 1.0848656695076254e-6im,4.2741016673133815e-7 - 9.290051030805286e-7im,-1.281963550126016e-5 + 1.810976258305873e-5im,4.282414820780849e-5 - 4.15250705781977e-5im,-5.055178702350778e-5 + 3.349682890460704e-5im,-3.899667836571666e-5 + 1.6505878221004097e-5im,0.00017986075639217974 - 3.9390113555176154e-5im,-9.037377310276869e-5 + 2.7843862141099476e-6im,-0.0003885435477556493 - 6.031311502636413e-5im,0.0006557296910572239 + 0.0002310702277579597im,0.0003124481225136123 + 0.0001803920076410268im,-0.0022452164656577497 - 0.0019235837014483861im,0.0029840166757550786 + 0.0037082487605104705im,-0.0013108717167172094 - 0.0024411534481592013im,-0.0004204447680653761 - 0.0013216425668074827im,-9.777303385832746e-5 - 0.000789594871643012im,-0.001061917460182281 + 0.017217149948153265im,0.010441245909065984 - 0.04151422185886826im,-0.023919258895436907 + 0.051990138059752465im,0.024153855174844068 - 0.03412114039010148im
0.0 + 0.0im,0.02045251536045671 - 0.03303194647755857im,-0.03583043675545896 + 0.03930411680690991im,0.03174710171330441 - 0.02397429835229696im,-0.014350391341324108 + 0.007145645831329395im,0.0007111818457418697 - 0.00020234868114831013im,0.0012834137414161183 - 0.00011892579691664653im,0.002564084278191464 + 0.00023759739848926414im,-0.00425459826146462 - 0.0012105375751340498im,0.0024595904646634833 + 0.0012247305270341436im,-0.0002675686804153991 - 0.00020205848810830448im,-0.0004352928153751889 - 0.0004774934723091953im,0.00019236593324853052 + 0.00031068164962525576im,3.0354424243933723e-5 + 7.835380106004623e-5im,-3.1442075989687424e-5 - 0.00016820025033718026im,-2.273436430430542e-18 + 3.9353944032658856e-5im,-1.0355700807032047e-5 + 5.539810630599976e-5im,2.0025857723091854e-5 - 5.169269756133279e-5im,-1.0855152939478509e-5 + 1.753167395709267e-5im,6.402494748712307e-7 - 7.023202177959007e-7im,8.296275158819094e-7 - 6.265056182609331e-7im,1.2808859866694494e-6 - 6.378054363261215e-7im,-1.8546693056124363e-6 + 5.276989144024488e-7im,9.966687575008736e-7 - 9.235496114668594e-8im,-2.373174896093363e-7 - 2.199070391085877e-8im,8.535752708995619e-9 + 2.4286310369903267e-9im,7.944155516527188e-9 + 3.9557194228735224e-9im,-1.9019478245119922e-7 - 1.4362843263544465e-7im,6.743279642866642e-7 + 7.397025399495572e-7im,-1.0151086955154523e-6 - 1.6394568349705338e-6im,5.168994221274967e-7 + 1.3342712141309393e-6im,1.910280264587418e-7 + 1.021909681883954e-6im,-1.6422115962688765e-18 + 9.503541857632773e-7im,3.788957550690674e-6 - 2.026913263453455e-5im,-2.0025857723091776e-5 + 5.1692697561333165e-5im,2.966850764417038e-5 - 4.791628507786748e-5im,2.6512580655114227e-5 - 2.908291556793615e-5im,-0.00013655175044473202 + 0.00010311909525646127im,7.521880463066919e-5 - 3.74545143029676e-5im,0.0003514650139536033 - 0.00010000041827433259im,-0.0006433705443287279 + 5.961706052219721e-5im,-0.00033386156399631636 - 3.093682985998087e-5im,0.0026427549068009895 + 0.0007519286005281014im,-0.0039597199452518946 - 0.001971706251560693im,0.002054949478392547 + 0.001551825811968504im,0.0008683344080899584 + 0.0009525174709972702im,0.00038924830078134815 + 0.0006286575910733166im,-0.005791076699234472 - 0.0149484921199273im,0.007310010902611564 + 0.039105104389114534im,4.40619762898109e-15 - 0.05318490195589498im,-0.007138887212133786 + 0.03818967350002411im
-0.0 + 0.0im,-0.0027881467405179447 + 0.02251649847433589im,0.009415655879360461 - 0.02959754181705393im,-0.010991062085860103 + 0.020467959425522535im,0.005869174916347759 - 0.0072936457713530045im,-0.0003279129181727273 + 0.0002809385885679804im,-0.0006518605733139904 + 0.00037635187747693007im,-0.0014183143744706177 + 0.0004997947020102775im,0.002552658352850977 - 0.0003962458719173718im,-0.0016038188786246725 - 4.9413131955402764e-5im,0.00019127180405219938 + 4.188917156070404e-5im,0.0003474830672532893 + 0.00014707696738118915im,-0.00017788753148952557 - 0.00011787255322614953im,-3.522866130745862e-5 - 3.415999403150912e-5im,5.7735600057759126e-5 + 8.156066602322634e-5im,-9.605592393092258e-6 - 2.0878409186998482e-5im,-8.027685087687233e-6 - 3.1917943764291414e-5im,1.9929623961791316e-6 + 3.23124288944057e-5im,1.4798062124965647e-6 - 1.19506100002063e-5im,-1.6824714624961866e-7 + 5.288746753049444e-7im,-2.872226768407645e-7 + 5.348766159883713e-7im,-5.238703060712384e-7 + 6.510156020309801e-7im,8.551540339661044e-7 - 7.326511213469631e-7im,-5.062195040222154e-7 + 2.9226596667747224e-7im,1.3127135079852428e-7 - 4.6258239166239675e-8im,-5.121249787475999e-9 + 7.949650122802788e-10im,-5.180125215582252e-9 - 1.595979567913587e-10im,1.3596097677462285e-7 + 2.9775913516593182e-8im,-5.382986830912855e-7 - 2.2784229044000792e-7im,9.387066459184301e-7 + 6.220095821839164e-7im,-5.999018305307879e-7 - 5.817037092857689e-7im,-3.5077574832021917e-7 - 4.955262201064978e-7im,-2.3196442341254332e-7 - 5.041904706268463e-7im,2.937180070373908e-6 + 1.1678179611470332e-5im,-1.992962396178945e-6 - 3.231242889440562e-5im,-4.044497776009108e-6 + 3.266253051659358e-5im,-6.967074881869175e-6 + 2.1900576316444217e-5im,4.727514280294495e-5 - 8.803750694529557e-5im,-3.076378273428057e-5 + 3.8230268657522456e-5im,-0.00016205407808312898 + 0.00013883943402403915im,0.00032677528558845736 - 0.00018866379909877637im,0.00018467437257293882 - 6.507673804222499e-5im,-0.0015855904536238655 + 0.0002461291661291039im,0.0025820044814375514 + 7.955070853123808e-5im,-0.001468983191000462 - 0.0003217122837965976im,-0.0006931690413149027 - 0.0002933932904553778im,-0.0003599515683118721 - 0.00023851255925201603im,0.006720993223391376 + 0.006517110780690207im,-0.013423027984283494 - 0.018962149892699683im,0.012981481328467525 + 0.028216133678614447im,-0.005534028018532324 - 0.022003204304862748im
0.0 + 0.0im,-0.0029776167588203236 - 0.00935995725242452im,0.0016523496413500705 + 0.013344035175001788im,0.000619155741400856 - 0.010038536553595441im,-0.000988554902785241 + 0.003930478020658834im,7.813083637421804e-5 - 0.00016982269340263026im,0.00018827134422358318 - 0.00026596304901148045im,0.0004673724757317727 - 0.00045319465426435566im,-0.0009322325000447583 + 0.0006177196572477444im,0.0006397034540002399 - 0.00027076324835348305im,-8.28043642437202e-5 + 1.813443563701565e-5im,-0.00016327316744608406 + 5.030392567965044e-6im,9.128901221384066e-5 + 1.41706759156593e-5im,2.003595548544908e-5 + 7.0603983021587214e-6im,-3.7464394742142706e-5 - 2.163007838962985e-5im,7.555526835044266e-6 + 6.473179089075923e-6im,8.9324610665614e-6 + 1.1100403006514132e-5im,-6.630456147582308e-6 - 1.2347478919290433e-5im,1.5803672428767908e-6 + 4.9677883473544006e-6im,-2.952562362561592e-8 - 2.384428515803467e-7im,1.618001682391396e-8 - 2.623309119355802e-7im,8.823634783717585e-8 - 3.508262665094604e-7im,-2.0375500989970478e-7 + 4.428753893235844e-7im,1.462070730587749e-7 - 2.065406135214346e-7im,-4.325741690291211e-8 + 4.1945196009826236e-8im,1.87028377154233e-9 - 1.2392949729191723e-9im,2.066158489907539e-9 - 8.745298797579713e-10im,-5.8859497356046065e-8 + 1.2890428868402999e-8im,2.529324140319306e-7 - 7.792764476044236e-9im,-4.817291114330099e-7 - 7.477819017482158e-8im,3.4118828044548693e-7 + 1.2023011120031344e-7im,2.2761694845691481e-7 + 1.314147064697989e-7im,1.8245760951416868e-7 + 1.5632010955285466e-7im,-3.2682207061062826e-6 - 4.061430179462062e-6im,6.630456147582225e-6 + 1.2347478919290499e-5im,-4.319343807382051e-6 - 1.3577594657607568e-5im,-1.2226491525432513e-6 - 9.873862583817418e-6im,-2.6631344510032226e-6 + 4.317810648271302e-5im,5.181595144792726e-6 - 2.0601937000085267e-5im,3.861214351993914e-5 - 8.39261233447669e-5im,-9.437972596514175e-5 + 0.0001333262891706268im,-6.085513921825316e-5 + 5.9009088489882384e-5im,0.0005790586707297132 - 0.00038369819073264395im,-0.0010298651593601597 + 0.00043590453384433254im,0.0006359443296843667 - 0.00013927395760779225im,0.0003257019279979531 - 1.0034769237725295e-5im,0.0001847213396063265 + 2.8674055888604187e-5im,-0.0038224989552270625 - 0.0013469966607200369im,0.008710147959562976 + 0.0050288062691360835im,-0.01021091948538919 - 0.00874818023087397im,0.00615775149071532 + 0.007652260967074719im
-0.0 + 0.0im,0.0019734755204569828 + 0.0021647995222908857im,-0.0021110303161135063 - 0.0034094310252546756im,0.0010835609504679508 + 0.002796993231273898im,-0.00022210144313396273 - 0.0011881377790613837im,-2.6169929938368863e-17 + 5.5750401893582846e-5im,-1.7857192143055022e-5 + 9.552754054016368e-5im,-7.01375209014172e-5 + 0.00018104581116020437im,0.0001755772788467977 - 0.00028356704177066514im,-0.00013956867883824334 + 0.000153099547545942im,2.01743229610587e-5 - 1.5234941510268659e-5im,4.3609762007516956e-5 - 2.171508126022514e-5im,-2.649999502932353e-5 + 7.5398986583725425e-6im,-6.3085749718493004e-6 + 5.845755594585014e-7im,1.2846715621322368e-5 + 1.190423511778169e-6im,-2.8539627959752512e-6 - 8.120224261736897e-7im,-3.8038137409129954e-6 - 1.8940741862183852e-6im,3.3355637742264483e-6 + 2.5189008376752175e-6im,-1.0474202423837998e-6 - 1.148965273177016e-6im,3.772172972527003e-8 + 6.092268532638251e-8im,2.831603299073849e-8 + 7.309210671689719e-8im,1.982431135147183e-8 + 1.0605069890713056e-7im,2.0543963572485402e-17 - 1.4538976180125213e-7im,-1.3867473087873295e-8 + 7.418442862957253e-8im,6.49154184706391e-9 - 1.67566010784615e-8im,-3.522504690833159e-10 + 5.689040407677269e-10im,-4.5078857863635443e-10 + 4.944915145313277e-10im,1.4340433863883224e-8 - 1.082939295854782e-8im,-6.755747164414508e-8 + 3.3639623749254916e-8im,1.3983960116083003e-7 - 3.9787796920670895e-8im,-1.0742746200769027e-7 + 9.954620326092494e-9im,-7.805091280818e-8 - 7.232482178116123e-9im,-6.892004234359386e-8 - 1.960944273049315e-8im,1.391744418212547e-6 + 6.930063762306846e-7im,-3.3355637742264487e-6 - 2.5189008376752167e-6im,2.8627321643164735e-6 + 3.1402675927133042e-6im,1.5620479845851994e-6 + 2.5227941167033927e-6im,-4.660650469267254e-6 - 1.203052565750317e-5im,1.164163726383406e-6 + 6.227725875336243e-6im,-7.293123082448977e-17 + 2.7551765974846347e-5im,8.951744132535945e-6 - 4.7887601458791576e-5im,9.132391872674804e-6 - 2.357342080484523e-5im,-0.00010906028881691315 + 0.00017613841425026048im,0.00022469304921613246 - 0.0002464765336898606im,-0.0001549404600769305 + 0.00011700560417348492im,-8.699398552464656e-5 + 4.331785769661519e-5im,-5.362216615844572e-5 + 1.5256821679893008e-5im,0.0012035623285511013 - 0.0001115264738425697im,-0.0029867503432502215 - 0.0002767631772214248im,0.0038569890571585174 + 0.0010974080027404964im,-0.002622226904628957 - 0.0013057138515746277im
0.0 + 0.0im,-0.00026441925911882856 - 0.00011191907293769628im,0.000327658174994871 + 0.00021711418079033837im,-0.00021107494224091111 - 0.00020467194890638995im,6.845308799306192e-5 + 9.67008127130139e-5im,-2.2839841491115996e-6 - 4.9643950825823386e-6im,-2.323449287072091e-6 - 9.237996118740837e-6im,-1.1715682195330488e-6 - 1.899494684655597e-5im,-4.017412314550506e-6 + 3.244379391257536e-5im,6.155957830296241e-6 - 1.9350879177875978e-5im,-1.1723134284392122e-6 + 2.183125115603097e-6im,-2.9936858031541575e-6 + 3.7202646214584516e-6im,2.0508450541661583e-6 - 1.757056471220919e-6im,5.378095267189845e-7 - 3.1050447501054346e-7im,-1.1927282679808533e-6 + 4.203012251432439e-7im,2.8740322358446966e-7 - 4.461323262073855e-8im,4.1631394322960025e-7 + 1.2826495631248214e-8im,-4.0021569758800024e-7 - 8.764859047149115e-8im,1.403402685295277e-7 + 5.9400940783843017e-8im,-5.854881867498656e-9 - 3.879585426535452e-9im,-5.5158918616595084e-9 - 5.34856637023922e-9im,-6.109979793609928e-9 - 8.631312762794169e-9im,5.9563321499332065e-9 + 1.2946493556952317e-8im,-1.8043357595270952e-9 - 7.174009300572928e-9im,1.0843388666451114e-10 + 1.7580674478218317e-9im,8.059900448844546e-12 - 6.509009425974103e-11im,1.988293876237222e-11 - 6.250080889219058e-11im,-8.333109005033953e-10 + 1.551822155393837e-9im,4.637627786176587e-9 - 5.76319750613696e-9im,-1.0822241826233772e-8 + 9.27192913880662e-9im,9.158250916116113e-9 - 5.287518628331229e-9im,7.246484845072301e-9 - 2.5535627340102154e-9im,6.94046971036656e-9 - 1.0773601828702254e-9im,-1.5232149789277443e-7 - 4.692975244664464e-9im,4.0021569758800104e-7 + 8.764859047148812e-8im,-3.8356772612224993e-7 - 1.6235029348592049e-7im,-2.4244928553246816e-7 - 1.6065272296607033e-7im,9.078829651177752e-7 + 8.803421850317508e-7im,-3.588027203946399e-7 - 5.068655875759138e-7im,-1.1287415808253673e-6 - 2.4533966909109794e-6im,1.1647365025474966e-6 + 4.630973161368525e-6im,1.525463111338585e-7 + 2.4732738764308723e-6im,2.4954262317082642e-6 - 2.0152547970101497e-5im,-9.910539723117888e-6 + 3.115317909208089e-5im,9.003463576249616e-6 - 1.6766580492982237e-5im,5.971889032042829e-6 - 7.421288989685895e-6im,4.149840561745615e-6 - 3.555365725414406e-6im,-0.0001026043582231702 + 5.923865383982521e-5im,0.00027729901313119074 - 9.771640203983973e-5im,-0.0003884111908937989 + 6.0292569440107465e-5im,0.000286993448434117 + 8.842173719024186e-6im
