0.0 + 0.0im,-53.65312835747505 + 15.263370932904312im,102.32136898976728 + 90.99273124834161im,119.26257967517424 - 31.651841303354814im,29.868416478482615 - 97.58126667786622im,-48.547685765245674 - 54.23789006253689im,-43.96498992165897 + 12.753240132814529im,-0.2301865074041669 + 29.273875525428146im,21.11687785022088 + 7.383051029544575im,13.595440158304882 - 10.256445866034962im,1.879490576467405 - 10.248378320168033im,-1.0829508508838686 - 4.05424175287151im,1.0352286113459996 - 1.0748732532864267im,2.652703024461056 - 1.2274563608802893im,2.7678088662775835 - 1.7707685303588807im,2.458198334030847 - 1.7548059539378542im,2.3144420765578317 - 1.4827843867202164im,2.3055792690230703 - 1.2425074530048126im,2.3141528458269054 - 1.0644852446079018im,2.3103282189132073 - 0.9089554668721647im,2.302343464451165 - 0.7586827559970637im,2.2959639042933255 - 0.6127083936302031im,2.2915401080322724 - 0.4714993099901499im,2.288451209825939 - 0.3341693905795067im,2.2864383024282953 - 0.19948493859050842im,2.2854412273481435 - 0.06632786438026628im,2.2854412273481444 + 0.06632786438026672im,2.2864383024282953 + 0.19948493859050664im,2.2884512098259364 + 0.3341693905795049im,2.291540108032269 + 0.4714993099901541im,2.295963904293327 + 0.6127083936302im,2.3023434644511696 + 0.7586827559970626im,2.31032821891322 + 0.9089554668721647im,2.314152845826907 + 1.0644852446079032im,2.3055792690230703 + 1.2425074530048126im,2.31444207655783 + 1.4827843867202142im,2.4581983340308455 + 1.754805953937847im,2.767808866277581 + 1.770768530358889im,2.6527030244610557 + 1.2274563608802853im,1.0352286113459996 + 1.074873253286426im,-1.0829508508838677 + 4.054241752871514im,1.879490576467405 + 10.248378320168033im,13.595440158304882 + 10.25644586603496im,21.11687785022088 - 7.383051029544575im,-0.23018650740416735 - 29.273875525428146im,-43.96498992165897 - 12.753240132814533im,-48.547685765245674 + 54.23789006253689im,29.86841647848262 + 97.58126667786622im,119.26257967517422 + 31.651841303354807im,102.32136898976728 - 90.99273124834161im,-53.653128357475055 - 15.26337093290431im
-207.51068834070296 + 32.6116884351884im,152.48788443475974 + 34.422879442621614im,151.21932789669916 - 24.16925108973142im,40.54270077846445 - 111.52777651826415im,-59.01791089423553 - 64.47801457144587im,-57.83366019030137 + 21.68907068667381im,0.5875070689865141 + 46.41065916626245im,32.587850610665676 + 15.4684935496057im,21.851261078940027 - 12.57012039375843im,2.523296176386647 - 13.666255513169983im,-3.1540386979984323 - 3.4711205192799923im,0.4263746841697209 + 1.8067043230376196im,3.4869260932977397 + 1.287299508548319im,3.6682730602582296 - 0.1491006103065171im,2.904993801382414 - 0.4486272227407895im,2.4786623473182274 - 0.13702663661364767im,2.3742460022657 + 0.14137513854984007im,2.3229572034599077 + 0.28885670569094235im,2.243198184400652 + 0.39418965951358487im,2.153127532821548 + 0.5005183609591894im,2.0684256057609027 + 0.6082350057381778im,1.9900298295370593 + 0.7128768393490786im,1.915640559900343 + 0.8140947295921086im,1.8439652252216119 + 0.9129927418349673im,1.7743509540859588 + 1.010535257034245im,1.7062540865446936 + 1.107490696609929im,1.6391434327491778 + 1.2045828107230268im,1.5725059714054517 + 1.3025467320936164im,1.5058451969586422 + 1.4021583569208502im,1.4387076294478582 + 1.5042567074541537im,1.3707247497925081 + 1.6096338672498245im,1.3012279393182666 + 1.7187148884561623im,1.227734461126655 + 1.8323105726153202im,1.1463585221570867 + 1.956718192566747im,1.0658755045188566 + 2.107644980122992im,1.0305425624643783 + 2.277781572117356im,1.0607468998754492 + 2.353762136148669im,0.9150385947266434 + 2.1866718966063727im,0.06844071295222942 + 2.161526701206526im,-1.128302626277563 + 3.629501053666351im,0.1273473145235371 + 6.912584765755954im,6.305505584604868 + 7.209370109578115im,10.80912817221877 - 2.7199501073421137im,-1.945355390952883 - 16.563641617328145im,-31.041938001278186 - 7.061503769545033im,-36.705956168357474 + 38.681626812038814im,18.020236325180374 + 72.59328053315582im,87.5306970812409 + 24.909398469066957im,66.47311287361887 - 77.82547469996425im,-49.65075279411036 - 93.52688769496794im,-191.96892047728005 + 90.51222672114773im
17.888257536489952 - 7.26786741283472im,198.810670872849 - 54.28635426114616im,48.525242630460305 - 105.99943749802019im,-66.83235203042499 - 68.07873639537465im,-70.29561577735913 + 29.619478138643718im,-0.6933884572632636 + 62.234036063759625im,42.318924767581755 + 23.658371266409574im,29.318282028947607 - 15.677669255968784im,1.4554966138567855 - 18.73559809695582im,-7.775471893332849 - 3.703116845571612im,-2.1447761380317694 + 4.837629986447091im,3.293180118496064 + 3.859383887441064im,3.8262752850493698 + 0.9812453626287123im,2.472677577481429 + 0.10838588029752927im,1.6907829322113557 + 0.48943024798712287im,1.5669178019904564 + 0.8587028614553063im,1.5641462705019293 + 0.9630964533672071im,1.4898976518883345 + 0.980121536307171im,1.3808534768198508 + 1.0107614783464818im,1.277492080838099 + 1.0563076703930525im,1.184708357527105 + 1.1029707921318381im,1.0977009710912542 + 1.147249574053043im,1.0139138362708051 + 1.1901228004833715im,0.9325344673579682 + 1.2324583265469489im,0.8529988610499826 + 1.2746353577642278im,0.7746928891377898 + 1.316932366980506im,0.6970042077232694 + 1.3596499227208398im,0.6193401816723263 + 1.403114496469538im,0.5411212004429089 + 1.4476798188734072im,0.4617779409431968 + 1.4937039797536427im,0.38064274205791904 + 1.5414610563402888im,0.29648901014935447 + 1.5913168007585057im,0.2074780170131234 + 1.6452637774292551im,0.11542770429063864 + 1.7086525752139181im,0.034653910352137274 + 1.7802858974194362im,-0.02536353892301657 + 1.8205644267102692im,-0.15216435016765006 + 1.766191907918782im,-0.5697625069026465 + 1.7533400800778376im,-1.182417832839218 + 2.367121041359197im,-0.7501818295509658 + 3.8701090491609813im,2.1209693523631716 + 4.102378630805342im,4.498839106648109 - 0.9090572169303577im,-2.2374081336016873 - 8.718844629323332im,-19.300641669272594 - 4.021375082583923im,-24.086645583505224 + 23.533159616260154im,10.050342905868687 + 46.70156683136955im,58.72091764838433 + 15.761246216242245im,46.07551352945205 - 60.26621188030699im,-49.40314592271055 - 83.78162962133999im,-120.37867695053822 + 17.803417405130254im,-121.7678271627934 + 159.98597266496978im
92.61603280692752 - 113.32414695643573im,86.5429349504845 - 113.59032854379927im,-65.44291847825325 - 59.723029547980445im,-75.73412321730677 + 33.51435736353063im,-2.0915462385520884 + 71.55682284970689im,49.21800028233832 + 29.308139404348772im,35.65211155247016 - 19.316430808650317im,0.11726445342505354 - 24.916593921307495im,-13.154035393597622 - 5.0525963007903565im,-5.335655901050222 + 7.49952191702755im,3.2125748130832985 + 6.196202061431859im,4.389825082797774 + 1.4386447106441054im,2.246078123547413 - 0.2427303839002164im,0.9367353791270148 + 0.3185308360720498im,0.822419477252808 + 0.9384292904511504im,0.9604596245470454 + 1.0618882948674297im,0.9487589554500229 + 1.0019867503534101im,0.8486535200857277 + 0.9725703342332332im,0.750687120079326 + 0.9823580994815705im,0.6703847070759479 + 0.9993300779501905im,0.5981954115031535 + 1.0133217124817293im,0.5288797557777424 + 1.0257608866893695im,0.4615865578885969 + 1.038209594155659im,0.39610646441298847 + 1.0509543841671936im,0.33198949171781433 + 1.0639831052587403im,0.26871225640347873 + 1.077340576558137im,0.20577702775571272 + 1.091117181695778im,0.1427067024187627 + 1.1054206236144424im,0.07902800455725867 + 1.1203671587743367im,0.014236079870551421 + 1.1360610565913944im,-0.05233444441222801 + 1.1526300984377293im,-0.12157420803804797 + 1.1706316723329016im,-0.19346838349937912 + 1.191663904994499im,-0.26416884000256324 + 1.215724281494687im,-0.3302783305751491 + 1.2305897428914028im,-0.4200584903405432 + 1.2129151667579545im,-0.6175227130418803 + 1.2047188592989786im,-0.9060523815977725 + 1.4291324430438308im,-0.802017561145053 + 2.0349724802335554im,0.36729482303910044 + 2.167084944875861im,1.4688976403172083 - 0.07652064275181181im,-1.6838194094753673 - 3.965695087251324im,-10.523483495917077 - 1.9382551531450176im,-13.761223101189838 + 12.794029629914974im,5.190207336034644 + 26.80174998786352im,35.531400207190046 + 9.148433366540225im,29.583965752768826 - 40.45797643266737im,-34.9622927300387 - 60.20799675398942im,-91.656334752334 + 4.165861125607642im,-50.42639039825174 + 102.94846913538618im,13.400004463463175 + 106.31697800885104im
22.58049043569891 - 161.2737426361806im,-23.487729751189672 - 58.02829973401142im,-70.53259318215773 + 37.548600053509276im,-2.5057194392006066 + 72.54261910635582im,51.6896741570946 + 31.589492342093656im,39.456725338409655 - 21.61993130577042im,-0.782785035662766 - 29.87554457802306im,-17.78182837683683 - 6.560625235309279im,-8.306598578830686 + 9.91608159477201im,3.493954319082148 + 8.556755324255688im,5.542617209782428 + 1.7191835135916618im,2.445419893398766 - 0.9971719436746396im,0.386533592685133 - 0.1782774578240538im,0.2585765989422164 + 0.8621803796279943im,0.6094089363887196 + 1.0720961756596346im,0.696459143616373 + 0.9308401710321839im,0.6005612674526049 + 0.840137106990408im,0.4979085869708773 + 0.8310225971170653im,0.42687137905740746 + 0.8398220602762139im,0.3693868760636009 + 0.8427366922460218im,0.3142426075330211 + 0.8421851366835632im,0.2602222781133404 + 0.8417848011774173im,0.2078263007257384 + 0.8421303312912325im,0.15689010471469533 + 0.8429701098828817im,0.10696352939307285 + 0.8441760161638151im,0.057620047786434814 + 0.8457338032358663im,0.008476236879753518 + 0.8476533452671733im,-0.04083843285962807 + 0.8499499177030425im,-0.0907024286972522 + 0.8526419505280831im,-0.14153924157248632 + 0.8557582011776717im,-0.19384931606145983 + 0.8594323104912924im,-0.24795317425656904 + 0.8640831846521948im,-0.3031590300112832 + 0.869801803629926im,-0.3586423280311415 + 0.8732617174092621im,-0.4227073449978705 + 0.8669691423173063im,-0.5232823879094624 + 0.8622167044982147im,-0.6613034430649379 + 0.9340470766729956im,-0.6706601962856513 + 1.14972437741091im,-0.2711581414070151 + 1.2114133973417944im,0.1582327725141894 + 0.32217551068547334im,-1.1709013217965465 - 1.3858266906220473im,-5.243872187529273 - 0.6223963468004036im,-7.11081152190334 + 6.370481892545206im,2.1988759917942935 + 13.862367257847989im,18.92467966749669 + 4.998696774236528im,16.750138888390314 - 23.56603915523401im,-21.78237601260144 - 37.44375005460514im,-60.11055627777311 + 1.7795658257725708im,-35.2904468245672 + 65.74779259245119im,44.06048752906642 + 73.8895851678508im,45.779865404353984 - 10.586342251198047im
-47.10561446713779 - 105.46931728698496im,-29.710863511806636 + 31.196793978577343im,-1.6967491128832584 + 69.16979471284895im,48.653468095535956 + 30.48309649399279im,39.299265623520384 - 21.315691541098865im,-1.1561735559407085 - 31.658132178003008im,-20.513080819022104 - 7.460339757462421im,-10.478691865327706 + 11.735540743864998im,3.8862539158236937 + 10.65216609902044im,6.899575671714245 + 1.9830467262494413im,2.8813631794041914 - 1.86882859499193im,-0.06867213423659013 - 0.7943591046290512im,-0.2532966358565325 + 0.7891477702522671im,0.37213825851605264 + 1.1455475647429196im,0.5976742235984975 + 0.9041576011589765im,0.49734990057718775 + 0.7312124006516818im,0.3717103204790968 + 0.7062857141056824im,0.30123483535037165 + 0.7186471763907177im,0.2552126461907962 + 0.7195927650043201im,0.2110070334572402 + 0.7125790156649882im,0.16620349333014922 + 0.7054322870267208im,0.12262499651247513 + 0.6996829542126052im,0.08064013111243645 + 0.6947459401231469im,0.03983105833616407 + 0.6902607243081387im,-0.00022311643623007527 + 0.6861459313328204im,-0.039853347637733905 + 0.6823726835340156im,-0.0793602901527155 + 0.678910240249425im,-0.11904248657020755 + 0.6757308704533713im,-0.15921055120221705 + 0.6728145809706128im,-0.200201214437552 + 0.6701682011815713im,-0.24233131247032347 + 0.6678701270799046im,-0.28569717319338217 + 0.6659463781210739im,-0.3303219943868356 + 0.663583675544094im,-0.3785744605463659 + 0.6586659662582832im,-0.4388422970736171 + 0.653809991000344im,-0.513486482480805 + 0.6712750121242672im,-0.5524446765641178 + 0.7364271316966554im,-0.4545117958580939 + 0.7580335877424494im,-0.3287877317394007 + 0.4430792795919628im,-0.8483641510522792 - 0.22207034267706616im,-2.53218852414933 + 0.0236688694320501im,-3.4767282159739845 + 2.964796492697795im,0.5516004133743018 + 6.500680852726575im,8.684094907948602 + 2.572173730673515im,8.151475645998076 - 11.98325705687341im,-12.274247144771838 - 20.385356930970868im,-35.135509716246105 + 0.9058331338565502im,-21.96314224194022 + 39.99965263174222im,29.05873811333666 + 44.5221676831254im,56.25141571811896 - 5.3920217418867935im,-16.012064263161108 - 65.44859895611572im
-37.90243263604897 - 29.651108499833533im,23.434203580810752 + 57.18097780651063im,40.872464851887905 + 29.693440139584176im,35.00495106046759 - 18.155663464295078im,-1.0269176560304525 - 29.473300172980075im,-20.598574960573004 - 7.339667106393513im,-11.319400168470406 + 12.464242467014074im,4.1342211843474495 + 11.926155152285052im,7.975098074826433 + 2.197255606660449im,3.3352802407723874 - 2.6381118907109418im,-0.4559754156009208 - 1.4022047995952618im,-0.7440661191092026 + 0.7401271726833185im,0.1803867546601321 + 1.2860013523638im,0.5796905786189175 + 0.9313438867458288im,0.4705325109588898 + 0.6502821159370376im,0.30320259576629915 + 0.6062794969869607im,0.22429268755913512 + 0.6307759089839635im,0.18821655732567333 + 0.6358406755108589im,0.15370339128005917 + 0.6248348664569736im,0.11553200965933741 + 0.6127497724095801im,0.07776460535429164 + 0.6031232647190247im,0.041800586814088714 + 0.5948523662083736im,0.007234109008330436 + 0.5871545178918706im,-0.02643736786954798 + 0.5798698591423835im,-0.05953215760329367 + 0.5729637078343397im,-0.09230375104564792 + 0.5663843378071824im,-0.12499839106101862 + 0.5600752610196595im,-0.15786474362414005 + 0.5539872798237555im,-0.19115952879394094 + 0.5480820232189832im,-0.2251445109043848 + 0.5423400217999887im,-0.2600488175116169 + 0.5367380664584598im,-0.2960914436113917 + 0.5310727064365484im,-0.33404185790333285 + 0.5247936902136559im,-0.3763011779325751 + 0.5183943032938672im,-0.42422206680458796 + 0.5176772759862204im,-0.46472872076956584 + 0.5307717100326155im,-0.4661394141963139 + 0.533085435120795im,-0.4553580107723597 + 0.42987812268008246im,-0.6560032472895603 + 0.1966149792345939im,-1.2929690282738382 + 0.2592011848405448im,-1.7253206039307185 + 1.3512231891263786im,-0.204148147342454 + 2.819870771261121im,3.2713883904853134 + 1.2777199370034438im,3.2516474056776987 - 5.2951098478660485im,-6.3767382206138565 - 9.728760012563491im,-18.458953465094424 + 0.5212614076840348im,-12.367718025263922 + 21.76442826932862im,16.476798547776944 + 25.53000520395986im,34.904056157713995 - 5.97689714774188im,7.3750549166492565 - 38.42641523561224im,-65.30244641063946 - 35.69267312305666im
8.570998549690064 - 6.588451755804616im,51.512178316920775 + 26.777431946180585im,27.588040676070218 - 10.396517843916358im,-0.5801448047120812 - 23.831105883183803im,-18.078947793669883 - 6.1370401382893345im,-10.615881308687932 + 11.904283704202994im,4.082828730337267 + 11.98125172086878im,8.361282984823603 + 2.301944802708077im,3.6090695432946873 - 3.0839986141102242im,-0.735036623701161 - 1.8519858888845475im,-1.1581420904087816 + 0.7137369278680038im,0.020933374913119085 + 1.4539974664805442im,0.6037013229260006 + 0.994731717740799im,0.4875795339644835 + 0.5905018115456862im,0.2648865216454914 + 0.5218772293935947im,0.16919547337479202 + 0.5648601178867096im,0.1425966638188072 + 0.5792921282548535im,0.11813306638652826 + 0.5654259967659926im,0.0852504886198176 + 0.5485153592379817im,0.05126549883192888 + 0.5356904844839897im,0.019393356945133666 + 0.5251367878142075im,-0.010735460119785711 + 0.5153232664108164im,-0.03982864319605767 + 0.5059572357980407im,-0.06823989876752803 + 0.4970306090472706im,-0.09618778642521708 + 0.4884902552756708im,-0.12388026672805602 + 0.4802586874809488im,-0.1515274222288081 + 0.4722652491230699im,-0.17934004303120066 + 0.4644491811600438im,-0.20753242957714413 + 0.4567581052867249im,-0.23632036673235568 + 0.4491426795643365im,-0.2659279882179426 + 0.4415207455674932im,-0.2967066788762147 + 0.4337307725927211im,-0.3294112674435574 + 0.4258116037135995im,-0.3646957328065028 + 0.419061951436817im,-0.39974773451974926 + 0.4156916993233907im,-0.42608720154210006 + 0.40983638858939747im,-0.44948089401001334 + 0.37448513873752176im,-0.5357471632811042 + 0.2967727893354732im,-0.7676340479358861 + 0.3034253613117471im,-0.9568106672311418 + 0.6570091577493556im,-0.4696555254945648 + 1.1898418937565922im,0.8232515189102944 + 0.6488632194689662im,0.8754292874792087 - 1.986616695484007im,-3.173703631074621 - 4.039445816367933im,-8.843425144891942 + 0.3267645066319948im,-6.431359016116039 + 10.555810367840309im,8.003639705613384 + 13.082991632132405im,18.59800955387056 - 3.4216783803593263im,4.503339626434986 - 24.22533887562864im,-26.863616698842606 - 16.71825876653171im,-55.62296643634682 + 7.3773838939291565im
31.674641264774646 - 23.424814628954948im,37.73897197804697 - 1.0535320775164305im,-0.4702481647885569 - 14.082255949261638im,-13.884266236876844 - 4.059143566173827im,-8.638593502907337 + 10.32935887953063im,3.715361437231982 + 10.836458079545412im,7.890366296758986 + 2.277009103691039im,3.5758274299481467 - 3.056616519847271im,-0.8533780390321278 - 2.0077124642804813im,-1.407709229119663 + 0.7077472350670679im,-0.09395701642831988 + 1.5929789831687848im,0.6385540120640039 + 1.0660177371723694im,0.5233766997586802 + 0.5484645463741473im,0.24348098982975674 + 0.450812715590136im,0.12534502124671665 + 0.5143830619209631im,0.10760186663709703 + 0.5419883978468034im,0.0941134982009526 + 0.5259428802392838im,0.06592930834348512 + 0.5036105359786672im,0.034261137312499246 + 0.48755697399583514im,0.005102114239923655 + 0.47519131584425783im,-0.021777996325330118 + 0.46380543338137314im,-0.04745090363856552 + 0.45286813327102005im,-0.07237290361930787 + 0.4424360461869409im,-0.09673328909514058 + 0.4324791238008528im,-0.12070574583605806 + 0.42290241703943476im,-0.14447407524027667 + 0.41361516325875713im,-0.16822033867502295 + 0.40454054345563367im,-0.19212509084148022 + 0.3956101903973357im,-0.21637166976259636 + 0.38676014126077973im,-0.24115172878578672 + 0.37792297290470533im,-0.2666912589149637 + 0.36901602711122283im,-0.2933153179631649 + 0.3599895100855832im,-0.3213733514952182 + 0.3510549734976136im,-0.3505031648216068 + 0.3426893594018612im,-0.3788884182444652 + 0.33361396031917384im,-0.40775295132626366 + 0.31698884079762807im,-0.45443394964294004 + 0.28800256311104294im,-0.5453261339820352 + 0.2798253821722049im,-0.6325184141950089 + 0.3745497882203659im,-0.5145759025274343 + 0.5385563852320251im,-0.10879775198233387 + 0.3634821573448545im,-0.09178014073399979 - 0.5800611035136748im,-1.6242173668056663 - 1.4210817924657508im,-3.9990660562923246 + 0.2179981511232128im,-3.2084278441498535 + 4.573847612300248im,3.1623898278737856 + 5.973423396370222im,8.501939180718349 - 1.6667087332342174im,1.8388630232403897 - 12.557308672926379im,-14.48577323670092 - 10.642795397309545im,-22.129650996965907 + 9.755769422194266im,-23.430606192853062 + 15.027103868698072im
25.346513140893368 - 37.02229142248399im,15.979094214695 - 2.1064680665978512im,-9.843428751247473 + 0.42145931488090227im,-6.088495331087011 + 8.399456908416415im,3.137713726085949 + 8.94604871941881im,6.705459031936591 + 2.167098368087428im,3.227678941338304 - 2.5491497401138643im,-0.7910222621449542 - 1.8116127370261217im,-1.4304152814077122 + 0.721976464180706im,-0.1471922997655618 + 1.652742603870947im,0.6568064105283429 + 1.115102777052811im,0.5532470164395469 + 0.5242238237377237im,0.23061741402018532 + 0.39757814727398033im,0.08974608041484666 + 0.4773407057601158im,0.07909415387192675 + 0.5187408404808533im,0.07681155824263275 + 0.500996417847559im,0.053067576444311815 + 0.4725964548043471im,0.02265634522679319 + 0.45296799397598697im,-0.004836329687996327 + 0.4389625979550939im,-0.029297578228863086 + 0.42628759751195644im,-0.052322267771176684 + 0.4140175980412901im,-0.07455791497643954 + 0.40231037674128384im,-0.09616836058863515 + 0.3911917374495565im,-0.11728885262515473 + 0.3805516606229441im,-0.1380831570584632 + 0.3702761997584305im,-0.15871528913903887 + 0.36027297680183973im,-0.1793429725446567 + 0.35046186232545673im,-0.2001225863672882 + 0.3407686930594436im,-0.22121465862889567 + 0.3311218390587538im,-0.24279211174476029 + 0.3214484134892701im,-0.2650566174175948 + 0.31168008110817924im,-0.2882340832875574 + 0.30179483022417597im,-0.3124378583852465 + 0.2918311915113332im,-0.3374776090894165 + 0.28148779424596426im,-0.36375094344440906 + 0.26917834527955087im,-0.3954854337106546 + 0.2534064052736911im,-0.4401801929664911 + 0.24175047014757678im,-0.48754642479501464 + 0.25663301067187705im,-0.4815240852834714 + 0.2936533955511141im,-0.3872316148668807 + 0.2354069901571153im,-0.40189929772691446 - 0.07204711725978216im,-0.9364711433526399 - 0.38295869001124117im,-1.8366702264880628 + 0.1524379914189749im,-1.6476677201930308 + 1.7859008131549448im,0.817289587964904 + 2.4345334944416672im,3.158830616085114 - 0.7079276788024962im,0.34646054173198665 - 5.737917818187929im,-7.492932937227031 - 5.267062698618158im,-11.273360529060069 + 3.76977731713661im,-5.092494929089822 + 13.617084383338986im,-8.20424808001834 - 0.17289508500134318im
14.477216690793014 - 33.68872893978309im,8.298702699959941 + 8.045592922633993im,-4.320628088825596 + 8.510073246358553im,2.443514063714297 + 7.006468766591674im,5.168797161784392 + 2.078693475966881im,2.6705519113301084 - 1.6930637444918872im,-0.5799450024987757 - 1.3123706027355113im,-1.2303659612345945 + 0.7591188452998263im,-0.1328498823997274 + 1.6140269736983477im,0.6406361060627832 + 1.122554221932802im,0.5568496724605254 + 0.519345754767164im,0.22019849326671986 + 0.36987261117472414im,0.06317801907226928 + 0.45472422556792025im,0.056382330235506206 + 0.5058894326837039im,0.0637031957697729 + 0.4866365305408771im,0.044061197597102364 + 0.45203244005218113im,0.01425848832944343 + 0.42846716798860474im,-0.012330411224758364 + 0.41278997102099235im,-0.03497502218107243 + 0.39894054538002827im,-0.055882432871751764 + 0.3854251021853038im,-0.07598653493787538 + 0.37251765871390147im,-0.09543352608846656 + 0.3603360702763943im,-0.11431063633342517 + 0.34875836282593886im,-0.13276353188835854 + 0.3376410808514214im,-0.15094575307230312 + 0.3268736122912274im,-0.16900026084396175 + 0.31636436873770857im,-0.18706397930429405 + 0.3060301122763467im,-0.20527381479671625 + 0.2957923854454324im,-0.2237716009859254 + 0.2855751904000665im,-0.24271025491357734 + 0.27530394768297106im,-0.2622576391294591 + 0.2649106442494463im,-0.2825778382235775 + 0.2543368917556812im,-0.3037942049779395 + 0.2434625933180521im,-0.3261487930988247 + 0.23190199614124296im,-0.3507088694602481 + 0.21920565605792253im,-0.3794986757229467 + 0.2068218695659359im,-0.41085794833176825 + 0.20004794132070158im,-0.4312922101679078 + 0.19886115005825816im,-0.42945313111943484 + 0.17338139137043113im,-0.4562890694109074 + 0.07590685631073024im,-0.6394957255061328 - 0.03395607789982938im,-0.9597158835438111 + 0.11055714218812863im,-0.9530406468763777 + 0.6426794806675165im,-0.13178431662389764 + 0.8911243594592606im,0.7486063475820447 - 0.26649101264784203im,-0.3330908353415375 - 2.332706415777677im,-3.6979572434149874 - 2.3113611983829268im,-5.641307459371367 + 1.5700297592206516im,-2.4515037962902815 + 5.547120841896954im,1.6321873884278801 + 5.137139955774012im,-10.67656817179802 - 11.138250896205554im
12.136091893522597 - 24.69286390363861im,10.190021061087451 + 13.233554309973487im,1.0326675825400162 + 7.139244616467272im,3.6087475888400373 + 2.164699579488269im,2.0584233435009724 - 0.6695935238622519im,-0.2918892074351729 - 0.6310774044199685im,-0.8801464234456807 + 0.8261380241690095im,-0.06327611775035558 + 1.4997391913857714im,0.587731007118508 + 1.0894892727554628im,0.5251702592019021 + 0.5350625818740178im,0.20830009756523815 + 0.3736142564282442im,0.04730078283408634 + 0.4485293605208432im,0.040255015931398797 + 0.5009117457054761im,0.05334949232892594 + 0.4797811632999207im,0.037052184797281784 + 0.4396461362371515im,0.007658058165461501 + 0.412008372035161im,-0.018466121630128285 + 0.3944494265698264im,-0.039733449294670375 + 0.37937099837333355im,-0.05890604322118728 + 0.36458555518779734im,-0.07727101891374533 + 0.35045364039377325im,-0.09497379982797374 + 0.3372101834855667im,-0.1120440977018807 + 0.32472533514793406im,-0.12860835664419176 + 0.3128181003691294im,-0.1448152255281397 + 0.301354640036842im,-0.1607990651318285 + 0.2902303547666238im,-0.176683292012384 + 0.27935240471517075im,-0.19258772275783148 + 0.2686347054713836im,-0.20863303641946093 + 0.2579958084752451im,-0.2249446019243866 + 0.24735679908199731im,-0.24165629650857778 + 0.23664004656556384im,-0.25891130408675345 + 0.22576804788777072im,-0.27685922224240367 + 0.21465052466923273im,-0.29568499200801646 + 0.20314444553234076im,-0.31574816969816144 + 0.19107434902286613im,-0.3376609342817649 + 0.1786051570975098im,-0.36140091985868195 + 0.16675460522965813im,-0.3843085140848871 + 0.15564019408379992im,-0.40352645804414233 + 0.1384394748125522im,-0.43093662402384225 + 0.10219176132576008im,-0.5016858330401577 + 0.05905004294138763im,-0.6184566719563847 + 0.08252991010424951im,-0.6516189778675707 + 0.22502068086532728im,-0.43058429659712383 + 0.2965593189952773im,-0.16089476769908828 - 0.09443706256415041im,-0.5563409277975654 - 0.8588727613260212im,-1.866186367118266 - 0.9291435999614581im,-2.7650696187437243 + 0.5431525150329632im,-1.579301446422834 + 2.209084292442811im,0.6882486373995563 + 1.4560333318656828im,-0.748717456453899 - 0.4268407290966062im,-15.144957849514284 - 11.66002002828588im
14.722539214624472 - 19.30488692336558im,11.797395418634377 + 12.598500959194647im,1.4974740950616694 + 3.9152460853963884im,1.4558690813107482 + 0.404721658006852im,-0.01060722793244856 + 0.11695430909695591im,-0.48598029778644614 + 0.9377612146001615im,0.03510596302230268 + 1.3654647652280347im,0.5104085482535528 + 1.038022227839158im,0.4635257140674792 + 0.5716449698193531im,0.19353916586756548 + 0.40926280761472256im,0.04229011595896637 + 0.4598701205169955im,0.03126977349980087 + 0.5025297468283048im,0.04483250548071316 + 0.47834430101105685im,0.030596208843179706 + 0.43398960738379166im,0.0018135817480872674 + 0.4024623044623431im,-0.023924103185556156 + 0.38264754809832935im,-0.044118711153549484 + 0.366085794452784im,-0.06185479439191496 + 0.3498973600136033im,-0.07876845557001552 + 0.3344436719607349im,-0.09503054045255788 + 0.32007013386371597im,-0.11061163548628458 + 0.30664163497709535im,-0.12561670472891362 + 0.2939320275292645im,-0.14019325536237334 + 0.28177765705392266im,-0.15447182850857624 + 0.2700579144119742im,-0.16856673051732926 + 0.2586687180571702im,-0.1825854640019288 + 0.24751503031111802im,-0.19663357983452595 + 0.23650870606292074im,-0.21081774144613313 + 0.22556616617434505im,-0.22524883996469813 + 0.21460599948658737im,-0.24004501425778513 + 0.20354671997343915im,-0.25533436571898266 + 0.1923029295369372im,-0.2712626609480969 + 0.18077669102771998im,-0.2880209665499933 + 0.16885619517228828im,-0.3058720711845142 + 0.15647562510732715im,-0.325008048382178 + 0.14372397364443756im,-0.3451341468412946 + 0.13055216355722218im,-0.365818090655638 + 0.11547686263243716im,-0.389739503424015 + 0.09530599757266518im,-0.4256732113344188 + 0.0719377524032069im,-0.47650538657821173 + 0.06304235921068393im,-0.5108024320388072 + 0.08521277654294707im,-0.4775247759730854 + 0.09109901718693535im,-0.4250174743472196 - 0.039132287134492266im,-0.5757482966411611 - 0.30329082949350217im,-1.0525186525144552 - 0.3674964406836236im,-1.4427466828607713 + 0.11016826565572196im,-1.089910076599291 + 0.7183632414605416im,-0.2582191163879218 + 0.39907527613671756im,-0.4230554698903163 - 0.9548671651342344im,-3.617689929232445 - 0.6609710315976352im,-14.931879537476078 - 9.041780764684649im
16.700489146983315 - 17.35033738094013im,10.706645687719632 + 11.032240444010949im,0.0875047729079409 + 2.7335646981477346im,0.13944435786992937 + 0.8925827430550632im,-0.14654673588452996 + 1.1254597414992333im,0.13207438102900096 + 1.2783910038215984im,0.42727036800129303 + 1.0026468292256823im,0.3872561666532418 + 0.6295888861856708im,0.17665276436422658 + 0.47196768309139114im,0.04571778447959074 + 0.488224976714185im,0.028558184020513466 + 0.5109128683090969im,0.037434541801390775 + 0.4816233036211027im,0.02366891294884743 + 0.4343509453017891im,-0.004065821049722973 + 0.3992884836642808im,-0.029175700880879618 + 0.37669630692830003im,-0.04847841464643077 + 0.3581815494685691im,-0.06502911912073284 + 0.340338666614064im,-0.0807126567376849 + 0.3234029024689755im,-0.09575340563587642 + 0.30777638931785434im,-0.11007576703402579 + 0.2933145966505945im,-0.12376260095303668 + 0.2797408572814085im,-0.1369619762808192 + 0.2668544635859834im,-0.14980401620446157 + 0.2545142964326453im,-0.16239712430567294 + 0.2426022935009478im,-0.17483984656437979 + 0.23101233037347113im,-0.18722666443415836 + 0.21964783353109466im,-0.19965070513210686 + 0.20841931547599987im,-0.2122062932322334 + 0.19724155650834035im,-0.2249917350488193 + 0.18603098021515574im,-0.23811228407339435 + 0.17470298502789186im,-0.2516840812469628 + 0.16316855090807886im,-0.2658416632095937 + 0.15133141505101527im,-0.2807473095357107 + 0.13909428371482585im,-0.2965755425328087 + 0.12637604832672533im,-0.3134433979222119 + 0.11306660097777968im,-0.33145420052548125 + 0.09878040490086325im,-0.35132505423546445 + 0.08271746481647017im,-0.375196856693498 + 0.06494713290041226im,-0.4044327713400766 + 0.049047941373848145im,-0.4326793020323434 + 0.03927117008584652im,-0.44705695357879355 + 0.02504228630246634im,-0.457686194824516 - 0.026096928353947946im,-0.5262938915100545 - 0.1205646861761124im,-0.70064847139982 - 0.16708585926933997im,-0.8702484677592791 - 0.04813853473406782im,-0.8125838288198239 + 0.12906238638933631im,-0.5769109585743549 - 0.005552237831410428im,-0.6936357508240589 - 0.5757327531862078im,-1.5997864565120128 - 0.964421449370725im,-4.044455546523849 + 0.44041360711810323im,-12.451085260708025 - 8.126443043593959im
17.09777716929257 - 16.021757669976846im,8.812662681149192 + 10.59514301200921im,-0.741851210520856 + 2.835421392627353im,0.019546135589297686 + 1.44368791101317im,0.19789012348509596 + 1.3041633334851168im,0.35175599405577995 + 1.0207197185226229im,0.3124772033169601 + 0.7124548416636586im,0.15902898231507756 + 0.5556384759231203im,0.053033395289827784 + 0.5323701143339601im,0.02960934735465176 + 0.5277237658607187im,0.030437065681949316 + 0.49050747450604126im,0.01570296851007663 + 0.44076717830735557im,-0.010544190307241075 + 0.4023305755648227im,-0.03460473568865807 + 0.37629609907185185im,-0.053082952128112204 + 0.3551624128220659im,-0.06865884035027126 + 0.3352843781660633im,-0.08328571351758685 + 0.31663910217726077im,-0.09725849626618178 + 0.29958560685947033im,-0.1104834678244213 + 0.2839525692910952im,-0.1230250167213478 + 0.2694095924538311im,-0.13503137895648043 + 0.25571184028927124im,-0.1466339550731465 + 0.24269149327284234im,-0.15793744920672098 + 0.2302123912739737im,-0.16903375817695324 + 0.2181542683908177im,-0.18000905713806364 + 0.20640968637001172im,-0.19094637251579646 + 0.19488133403477426im,-0.2019277048982476 + 0.1834787772898585im,-0.2130364065979417 + 0.172115479403562im,-0.22435971542089034 + 0.16070612114745503im,-0.23599159029225003 + 0.149163940856808im,-0.2480363640898844 + 0.13739805612511227im,-0.2606133448440726 + 0.1253117968309547im,-0.2738588798386903 + 0.1128027246752063im,-0.287920150101578 + 0.09975379628132508im,-0.30296430065970115 + 0.08598909581307038im,-0.319291277721808 + 0.07123217761708849im,-0.3375221107097328 + 0.05531183684105456im,-0.35826686418862275 + 0.038713660013745266im,-0.3806740158979308 + 0.022201800651353812im,-0.4022213359555899 + 0.0034833620928991643im,-0.4251188117407283 - 0.02543082223999786im,-0.46498974773298735 - 0.0680697816906497im,-0.5377665431480532 - 0.10296743538124259im,-0.6188804038449808 - 0.09570504133176483im,-0.6437368040298506 - 0.07031114130899521im,-0.6172172339508415 - 0.14114248803812057im,-0.7077065921396635 - 0.3704418396330554im,-1.097708536477227 - 0.5872239477845976im,-1.709591850301052 - 0.4808087210491008im,-3.4241902514722335 + 0.702383574601132im,-10.464436071809772 - 8.620111634457887im
17.011934501686124 - 14.319994944493413im,7.367537250815182 + 10.765118654356957im,-0.906364248584089 + 2.949392863621979im,0.15313004797485283 + 1.5023290761514576im,0.2797399680510706 + 1.1325424388571719im,0.24672261719412553 + 0.8312995320241312im,0.14063935761254576 + 0.6587297038402893im,0.0589238492992426 + 0.5925558339445298im,0.030924240004158415 + 0.5560313760296614im,0.02298688465201712 + 0.5073182089907063im,0.006469872675957555 + 0.45403366328885597im,-0.01800805719470877 + 0.41174674968365343im,-0.04059420269095143 + 0.3814232242597051im,-0.058217464032621735 + 0.3568464726419107im,-0.07296795304865378 + 0.33441533291151543im,-0.08666371739706435 + 0.31374767955473865im,-0.09966481522784187 + 0.29503378173468375im,-0.11189446707020208 + 0.2780405254182031im,-0.12340715277895835 + 0.2623794586667485im,-0.13434922394461712 + 0.24775452887975802im,-0.14485301822126698 + 0.2339630791261902im,-0.15502071458593497 + 0.22084492656346516im,-0.1649390406115825 + 0.20826145715263925im,-0.17468765951030385 + 0.19609112454490582im,-0.18434178004071197 + 0.18422622662431484im,-0.19397394890093939 + 0.17256906130286223im,-0.20365610532326103 + 0.16102845602130095im,-0.21346173501617072 + 0.14951681822433943im,-0.22346812469916452 + 0.1379474540883433im,-0.23375889968138353 + 0.1262319538499155im,-0.24442703272266153 + 0.11427761846261206im,-0.2555780831833562 + 0.10198492765754621im,-0.26733294490351844 + 0.08924358391136022im,-0.2798332129482768 + 0.07592266321355723im,-0.29326377813053245 + 0.061858168716924705im,-0.3078954660136984 + 0.04687699216248631im,-0.32405265141889006 + 0.030890811348118108im,-0.34186091952448694 + 0.013855235543797736im,-0.3611401319645878 - 0.004866205493123735im,-0.38263556266375365 - 0.027236949197905175im,-0.4102320118894327 - 0.05472213960386088im,-0.448878492852394 - 0.08329028594689111im,-0.49470897023161026 - 0.10463954453743199im,-0.5322714206396901 - 0.12382415158216309im,-0.5617071353360223 - 0.17272231384604114im,-0.632144950779896 - 0.27612484889831623im,-0.8095945132486424 - 0.39199555145875886im,-1.0918478239674982 - 0.4351891615583495im,-1.4256097723967058 - 0.36358229627637406im,-2.997549419387223 + 0.3766449977217774im,-9.292527615323369 - 9.191269800708563im
17.047303566537813 - 12.510919906221417im,6.333812286169222 + 10.899844383147908im,-0.9444739185611146 + 2.8178360616302873im,0.13783864249087951 + 1.380979878198147im,0.17956225162824324 + 1.0123040477692844im,0.1172537865691275 + 0.7898657531615514im,0.05808614490175373 + 0.673131935156807im,0.02876940344058171 + 0.6004173411303321im,0.013925767188890464 + 0.5354957029306613im,-0.004241996239609885 + 0.47571454304353833im,-0.02680321352628362 + 0.4280822423576365im,-0.04759408070155924 + 0.3923265643631275im,-0.0642456502212953 + 0.3633341782617048im,-0.07822216680572469 + 0.3376808755593882im,-0.09104735098366401 + 0.31456133957374366im,-0.10311675332132397 + 0.2938736776393415im,-0.11439845206076749 + 0.2752703658817257im,-0.1249477374751319 + 0.25829335856515845im,-0.134906075701263 + 0.24258626524105623im,-0.14440434067273844 + 0.2279010163877523im,-0.1535421553336948 + 0.21404518716258977im,-0.16240176744560858 + 0.2008560914544279im,-0.17105730073877087 + 0.18819383004321im,-0.17957751386363485 + 0.1759369984850337im,-0.18802734548865163 + 0.163977982697523im,-0.19646971504372476 + 0.15221879790509066im,-0.20496739667407682 + 0.14056769261097113im,-0.2135848877426625 + 0.12893623202622367im,-0.2223903814902361 + 0.11723660463767843im,-0.23145798802334805 + 0.10537898389772779im,-0.24087031292728128 + 0.0932688034813009im,-0.2507214547088551 + 0.0808036295247368im,-0.26112096237740023 + 0.06786883339535592im,-0.2722010861343964 + 0.054331989875723075im,-0.2841290559478654 + 0.04004113459396273im,-0.29711179822800293 + 0.02483383691773408im,-0.31136577765934925 + 0.008528496196512733im,-0.32709981731475596 - 0.009190081423440105im,-0.344737552102052 - 0.028945834376445975im,-0.3654170878632391 - 0.05140924194307521im,-0.39078495572096783 - 0.0762689141310336im,-0.42097136816619984 - 0.10218698310121438im,-0.4534521182284178 - 0.1306201928644424im,-0.4890036962508052 - 0.17010600583113067im,-0.5416824180046302 - 0.22955901428545933im,-0.6340184839900642 - 0.30155716786004894im,-0.7737426046018165 - 0.3647105789295336im,-0.9565085565709661 - 0.4195310719915068im,-1.2317630265456714 - 0.46714060781390193im,-2.8607125264885997 + 0.04022756263120726im,-8.387498734915154 - 9.469050292287694im
17.182684830176015 - 10.8533343778105im,5.425270204766475 + 10.902610839608084im,-1.0498555044157274 + 2.6146208367053596im,0.03482217441143759 + 1.2929280183072605im,0.07335346503565823 + 0.9744005666295616im,0.043639414938135085 + 0.7857576211447475im,0.019044414670327803 + 0.6678559162764622im,0.0014225683177923887 + 0.5796188134553799im,-0.017098441425122513 + 0.508272056194885im,-0.03746899514862506 + 0.4524791304557455im,-0.05619364957714246 + 0.4096326331504003im,-0.0716543636656759 + 0.37502768410469456im,-0.08476945935034969 + 0.3452916192856631im,-0.09669027107735889 + 0.31913070620561296im,-0.10780286193569627 + 0.29604392696587545im,-0.1181281600908406 + 0.27550218920782144im,-0.12772909813784317 + 0.2569523795154365im,-0.13673830456370728 + 0.2399626087575761im,-0.1452809539967817 + 0.22422524091448753im,-0.15345262384767278 + 0.209504507701037im,-0.16133081213308037 + 0.1956059130225781im,-0.168984236432202 + 0.18236562717984828im,-0.1764757299395519 + 0.16964428765066591im,-0.18386359998234506 + 0.15732102423787336im,-0.1912032036064213 + 0.14528833849716055im,-0.19854859571623537 + 0.13344804995976103im,-0.20595411263866034 + 0.12170797060140362im,-0.2134759635910186 + 0.10997899044236104im,-0.22117394454681855 + 0.09817236299602664im,-0.22911338630097802 + 0.08619701981566205im,-0.2373674586228633 + 0.0739567292900846im,-0.24602003499396108 + 0.06134684066453949im,-0.2551696064214919 + 0.04825037670748469im,-0.26493485854917376 + 0.034533851785703895im,-0.2754608194670457 + 0.02004369197794456im,-0.2869217225846023 + 0.004599455861831261im,-0.2995263651314626 - 0.012031010320218263im,-0.31356415073413607 - 0.030174859019376304im,-0.32951623959602344 - 0.050236616912522236im,-0.3480773556043169 - 0.07253051677891532im,-0.3698261736734326 - 0.0972416338425493im,-0.3949543098072187 - 0.12518338909001414im,-0.42447638544467414 - 0.15895404296817386im,-0.4628741500411303 - 0.2019337225173707im,-0.518035741178398 - 0.2543566677403226im,-0.5961246546605059 - 0.3130173101709154im,-0.7015444801471113 - 0.38091488756976233im,-0.8579835130431881 - 0.474521333044305im,-1.1448768241429224 - 0.5707594370035982im,-2.7899384767255695 - 0.1768510797858525im,-7.490144194101999 - 9.61280401368709im
17.307668954351843 - 9.354756515224906im,4.546483745512507 + 10.862589487982538im,-1.186656200390722 + 2.437756714419611im,-0.06551038267035329 + 1.24638511824586im,-0.0006597954366254488 + 0.9550401027555893im,-0.004968974748840088 + 0.7702849951972408im,-0.017892186396722992 + 0.6463276471510191im,-0.03380558677308032 + 0.5554983467080421im,-0.051071007702312154 + 0.48701602138936195im,-0.06724271935981671 + 0.4345522939770544im,-0.08110542385629094 + 0.39270869485285603im,-0.09308559355624907 + 0.3577404179612697im,-0.10393642453735277 + 0.3277276276040652im,-0.11398097722722983 + 0.3016611518592852im,-0.12327571899539447 + 0.2787470638604781im,-0.13188750100709834 + 0.2582922535948508im,-0.13993342914575724 + 0.23976314777707586im,-0.14752667463197025 + 0.22277262781281237im,-0.15475541474291388 + 0.207026609419387im,-0.1616907893925042 + 0.19228833361609896im,-0.1683952057097267 + 0.17836262865095776im,-0.1749251837314934 + 0.1650866459143103im,-0.1813325282161698 + 0.15232200267720775im,-0.18766565567135718 + 0.13994832730938245im,-0.19397101349037765 + 0.12785826910925865im,-0.20029441787418514 + 0.1159535508867556im,-0.20668234844741595 + 0.10414166667038322im,-0.2131832909632961 + 0.09233296201749024im,-0.21984921490231105 + 0.0804379007521632im,-0.2267372803874161 + 0.06836434078844791im,-0.23391189815722535 + 0.05601463494386549im,-0.24144733269291274 + 0.04328235673329944im,-0.24943111929683548 + 0.030048485605069425im,-0.2579684592294016 + 0.016176926251933565im,-0.2671874330147551 + 0.001508630954055512im,-0.2772460566438283 - 0.01414824762946952im,-0.28834744573300747 - 0.031033879540776715im,-0.30077042485727123 - 0.0494479168291536im,-0.3148967547578828 - 0.06973901627554666im,-0.3311864346034031 - 0.09231145051379842im,-0.3501531922355182 - 0.11778237765919458im,-0.37262559726610117 - 0.14728133945819702im,-0.40042073236963505 - 0.1824116413843919im,-0.4366836325473328 - 0.22453287570546793im,-0.4851381372401501 - 0.27462885356920047im,-0.550282269628681 - 0.3357274191316679im,-0.6431976957801326 - 0.4160693766090381im,-0.7954668666678456 - 0.5262832011327078im,-1.0810863120613428 - 0.634263022744485im,-2.6978535867013833 - 0.34267551576796274im,-6.606787189708761 - 9.74376263011955im
17.39758228325804 - 7.956826783329223im,3.7044164973003695 + 10.822933421446969im,-1.315031087459864 + 2.2860610927932266im,-0.14773323689968756 + 1.2088699004227144im,-0.06064676388778706 + 0.9302888543160583im,-0.051309600982754916 + 0.7468833925922782im,-0.0580445135635346 + 0.6235642331931048im,-0.069697447622902 + 0.535231919857885im,-0.08209747547683949 + 0.46919005539788383im,-0.0935488854307126 + 0.41769624371016406im,-0.10384421671053434 + 0.37586987865775245im,-0.11327352775895244 + 0.3408751875864715im,-0.12201610475249991 + 0.3110331765050403im,-0.1301174807670404 + 0.2851684232046109im,-0.13762918976098076 + 0.2623759852936599im,-0.14464009203175843 + 0.24197819483627342im,-0.1512413676147124 + 0.22347964946862664im,-0.15750755609065364 + 0.2065073314508557im,-0.16349980916733692 + 0.190767909826697im,-0.16927187462667556 + 0.17602487019187157im,-0.17487242971955652 + 0.16208458702040204im,-0.18034594536633294 + 0.14878567140081783im,-0.18573366528732183 + 0.1359906420280736im,-0.1910747230253924 + 0.12357961769918963im,-0.19640721176721226 + 0.11144546600667679im,-0.20176920497563924 + 0.09948990183482567im,-0.20719979219355972 + 0.08762019637894045im,-0.21274019262187216 + 0.07574625646642141im,-0.21843501170267032 + 0.06377787736500687im,-0.22433372210757568 + 0.051621989420293724im,-0.23049247917466326 + 0.03917971797536757im,-0.2369764236788478 + 0.026343062556147656im,-0.24386266686977232 + 0.012990972717050464im,-0.25124418374899626 - 0.0010155203986785821im,-0.25923505431656907 - 0.015839793606901076im,-0.26797834668175874 - 0.031678606886331964im,-0.27765874986065303 - 0.04877319346745351im,-0.2885193337159128 - 0.06742060268825475im,-0.30087649676189754 - 0.08799077967001952im,-0.3151398803799995 - 0.1109737447602714im,-0.33188925247002854 - 0.1370705916427974im,-0.35206191473353493 - 0.16725995247066847im,-0.3771585215922322 - 0.20275510750490702im,-0.4093091628584255 - 0.24505917741376623im,-0.451570280940329 - 0.2966242385630624im,-0.5096670845303696 - 0.36204138679221376im,-0.5964396075650296 - 0.44855149753661094im,-0.7411243824119373 - 0.5644268468296268im,-1.0122382371965215 - 0.6824353680379283im,-2.5940328168293894 - 0.5006476430331568im,-5.770318355684889 - 9.875279629273358im
17.464477584504237 - 6.626961171608016im,2.9055020635372415 + 10.783782480920744im,-1.4305774668613855 + 2.1436462078279206im,-0.2214708133418316 + 1.1697951401625324im,-0.11789964791297762 + 0.9024210002395063im,-0.09787253284609063 + 0.7233352655364339im,-0.09742437121064679 + 0.6031028637861167im,-0.1031111061494382 + 0.5170240661457541im,-0.11048116029954491 + 0.45211404915323483im,-0.11805533744265466 + 0.4010169624735642im,-0.12541687434163507 + 0.35942194027350965im,-0.13243656298520937 + 0.32469732999896267im,-0.13905209923340345 + 0.29510124777898394im,-0.1452557045180321 + 0.269401046088686im,-0.15108462797880584 + 0.24670779594708847im,-0.15659144544724268 + 0.22637582787835947im,-0.1618257683122868 + 0.20792432600949207im,-0.16683173544039837 + 0.1909833928636652im,-0.17164988860282246 + 0.17526137504367018im,-0.17631795563428485 + 0.16052407386471124im,-0.18087101100548478 + 0.14657988981108944im,-0.1853418876545062 + 0.13326879762031585im,-0.1897618279216523 + 0.12045418469568023im,-0.19416118609865943 + 0.108016712672511im,-0.19857013479301314 + 0.09584953783830069im,-0.20301939946551578 + 0.08385443952708613im,-0.20754105478326046 + 0.07193854440305883im,-0.212169420926751 + 0.060011408683462136im,-0.2169421100557064 + 0.04798226034175809im,-0.2219012912362894 + 0.03575722115881408im,-0.22709526782662012 + 0.02323632701027062im,-0.23258049747463144 + 0.010310143669529648im,-0.23842423551094893 - 0.0031442744874369266im,-0.24470807219031698 - 0.01726843646441445im,-0.25153283115289876 - 0.032228971508222154im,-0.25902559474735465 - 0.048226242437871616im,-0.26734967535421283 - 0.06550559809582113im,-0.2767180772422468 - 0.08437293021328914im,-0.287412829264755 - 0.1052194287521342im,-0.29982006844124154 - 0.12856157717122915im,-0.3144966640772999 - 0.15509354339272857im,-0.3322705038069341 - 0.185744360376579im,-0.3543666347450571 - 0.22177627624770554im,-0.38264147540976934 - 0.26503611946343497im,-0.42021865649685025 - 0.3184315653923687im,-0.47299998822929556 - 0.38653321540439667im,-0.552954630154795 - 0.47624346467829637im,-0.6867202798591762 - 0.5971579842225345im,-0.9418097163869514 - 0.7286447029673628im,-2.4928383853834726 - 0.6550451456739133im,-4.980139665064001 - 9.996374102490021im
17.516949323998094 - 5.3512675675360635im,2.1428798451001474 + 10.74023621222814im,-1.5384847957840317 + 2.0051934227270802im,-0.2920172900345254 + 1.1301962098868459im,-0.17369480836952217 + 0.8749035860627498im,-0.14289130397083005 + 0.701110992200918im,-0.13468749091633628 + 0.583820952802344im,-0.13447064671705897 + 0.4993437884873236im,-0.13734807582874628 + 0.43526657624670384im,-0.1414637866614777 + 0.38468663059921293im,-0.14602375159746678 + 0.34349892769232193im,-0.15065856795747612 + 0.30909331809729396im,-0.1552035486331893 + 0.2797211404334195im,-0.15959792410558876 + 0.2541722570049115im,-0.16382767656954023 + 0.23158671542455142im,-0.16789802094028117 + 0.2113348384511786im,-0.17182319915741395 + 0.19294200768689818im,-0.17562229010171657 + 0.17604201616376736im,-0.17931657237457477 + 0.16034660752037444im,-0.1829279416018981 + 0.1456243402447939im,-0.18647825919306338 + 0.13168555281175798im,-0.18998923976784043 + 0.11837154354526795im,-0.19348258564715293 + 0.10554661107916702im,-0.1969802570758456 + 0.09309201970693606im,-0.2005048459326696 + 0.08090127319994966im,-0.2040800435840481 + 0.0688762765067139im,-0.20773120829406577 + 0.05692407884213087im,-0.21148605305947255 + 0.04495396086021353im,-0.21537549062492267 + 0.03287466853332474im,-0.2194346908603964 + 0.020591613261898317im,-0.22370443009201804 + 0.008003854188727955im,-0.2282328468113396 - 0.0049993463162585905im,-0.2330777714160639 - 0.01854265450081638im,-0.23830988322117164 - 0.032769828613493424im,-0.24401707697307187 - 0.047850378710579636im,-0.25031058910420423 - 0.06398838474062475im,-0.25733370473260764 - 0.08143455509018718im,-0.2652745900058658 - 0.10050337254226527im,-0.2743863809405344 - 0.12159788372098794im,-0.28501939116466335 - 0.14524490883989521im,-0.2976710716875932 - 0.172145784297879im,-0.3130645126900552 - 0.20325794869660813im,-0.33229057278589647 - 0.2399378120868838im,-0.3570978292722028 - 0.28417930114098994im,-0.390484108774366 - 0.33898775169937617im,-0.43793414927772656 - 0.40900810378015817im,-0.51042711881416 - 0.5016587876291632im,-0.6331289887722708 - 0.6283742524063368im,-0.8737079797245365 - 0.773821854958685im,-2.3960995840084642 - 0.8030630080315401im,-4.224473440327038 - 10.104504577265676im
17.557435896095537 - 4.119073315098916im,1.407527987238184 + 10.691364503290847im,-1.6416192286573263 + 1.8700716401551802im,-0.3602642817761192 + 1.0912640876052486im,-0.22757704810378335 + 0.8481758195052669im,-0.18603944712552212 + 0.6795529966700709im,-0.17028063413072228 + 0.5649018238997089im,-0.16452415357660952 + 0.481883835460553im,-0.16319467029149445 + 0.4187001565239079im,-0.16397811534005025 + 0.3687325710264749im,-0.16579207422617126 + 0.32798327307730113im,-0.16810597094650614 + 0.29388780799682945im,-0.17065795131741204 + 0.26473507118489187im,-0.17331427121349874 + 0.23934636576139934im,-0.17600307117343333 + 0.21688112856581032im,-0.17868660367919498 + 0.19671996950314558im,-0.18134786913913414 + 0.17839474770265173im,-0.18398216688886712 + 0.1615442259485468im,-0.18659180741791107 + 0.14588392096545194im,-0.18918324690403973 + 0.13118509003563816im,-0.1917656155357137 + 0.11725997937086405im,-0.1943499309277782 + 0.10395125128892932im,-0.19694869904111428 + 0.09112417110225202im,-0.1995757807874791 + 0.07866065801006578im,-0.2022464521415007 + 0.0664546151094946im,-0.20497761508065365 + 0.05440812773843251im,-0.20778814356201983 + 0.04242822695574275im,-0.21069937000580624 + 0.030423983140559302im,-0.213735735742362 + 0.018303733472282646im,-0.21692564786329377 + 0.00597226242896437im,-0.22030260869872012 - 0.006672250849952099im,-0.22390671736047774 - 0.01974173136865104im,-0.227786692462842 - 0.03336241844771881im,-0.23200263898815687 - 0.04768013647363212im,-0.2366298866007405 - 0.06286711255809388im,-0.24176439474549002 - 0.07913107811532875im,-0.24753058562969335 - 0.09672781479005634im,-0.25409319211512166 - 0.11597879624900939im,-0.2616755625062457 - 0.13729604942921655im,-0.2705874895881765 - 0.16121792732780849im,-0.28126824928408967 - 0.1884646189312309im,-0.2943612930422329 - 0.2200299200745701im,-0.31085764772835295 - 0.2573293167793682im,-0.33236933451412487 - 0.30243057040873855im,-0.3616521360498001 - 0.3584424035244409im,-0.4037399340836017 - 0.43025621057252483im,-0.4688725947765689 - 0.5259322646457878im,-0.5810782140549394 - 0.6584506491377711im,-0.8079914102627065 - 0.8171350952361156im,-2.3019624372747094 - 0.9448559141530419im,-3.494045512612365 - 10.201889896701593im
17.58682944467076 - 2.9196700437537784im,0.6922212571703436 + 10.63756730548796im,-1.7410437974775212 + 1.7376872549576885im,-0.4264504412376737 + 1.052927204787792im,-0.27974462383560356 + 0.8218246567255166im,-0.22776574386298987 + 0.6582172690640019im,-0.2047362018676956 + 0.5461393516055222im,-0.19365471614690355 + 0.4646095918822182im,-0.18823939274952844 + 0.402369359554755im,-0.18576261841102673 + 0.3530358851837728im,-0.18489650528721369 + 0.3127264527883672im,-0.18495639920756762 + 0.27894405558583146im,-0.18557482585017193 + 0.2500206355678788im,-0.18654213587560803 + 0.22480392562026608im,-0.18773170978416073 + 0.20246931695381126im,-0.18906587603945435 + 0.182407815226738im,-0.19049757588941363 + 0.1641586276812621im,-0.19199873290088354 + 0.14736579636960923im,-0.1935530912650105 + 0.13174859905627925im,-0.19515210752480297 + 0.11708098712870152im,-0.1967925581794484 + 0.1031771613508811im,-0.19847506655761174 + 0.08988120538226425im,-0.20020319539593806 + 0.07705940332560515im,-0.20198292779124968 + 0.06459437842215512im,-0.20382242294001646 + 0.052380482451684196im,-0.2057319767759425 + 0.04032003219215691im,-0.20772415245899617 + 0.028320094450255656im,-0.2098140709644451 + 0.016289587521733373im,-0.21201987213275825 + 0.00413650403128657im,-0.2143633762533118 - 0.008234926020668831im,-0.21687099942097032 - 0.02092731996030156im,-0.21957500699321142 - 0.034053691386290386im,-0.222515234723621 - 0.04774173419389838im,-0.22574147317617266 - 0.06213920089812408im,-0.2293168058647902 - 0.07742088088648434im,-0.23332235315088792 - 0.09379794351679308im,-0.2378642183793148 - 0.11153082270024783im,-0.24308405313441894 - 0.13094730537916938im,-0.24917532960449665 - 0.15246812476185606im,-0.25640809848999624 - 0.17664431502261355im,-0.2651681000508772 - 0.20421564075627288im,-0.27602624340462817 - 0.23620598734725562im,-0.2898713868474988 - 0.27407563293199677im,-0.3081602630140396 - 0.31996328518633965im,-0.3334004658039567 - 0.3771095834151333im,-0.3702270046748582 - 0.4506763768061726im,-0.4282223703940683 - 0.5493018183831273im,-0.5302725454789909 - 0.6873547274944336im,-0.7438009380942732 - 0.8586716671020604im,-2.2091634710013275 - 1.0819089767824341im,-2.7822044632647214 - 10.290583629235563im
17.605922139692325 - 1.7429418602000473im,-0.00906330411514883 + 10.578986631179916im,-1.8375268913734715 + 1.6070572488558184im,-0.49104604133334695 + 1.014819592755494im,-0.3306721308805305 + 0.795552429210493im,-0.26851303856856046 + 0.6369280184390698im,-0.23839346762229813 + 0.5274413739336924im,-0.2221014097338142 + 0.4474307123345243im,-0.21267622993282867 + 0.3861539653249895im,-0.20700125580868511 + 0.3374647252809158im,-0.20351072693063044 + 0.29760462369026286im,-0.20136433280891677 + 0.2641472172056869im,-0.2000885919587412 + 0.23546539697050045im,-0.199400181148635 + 0.21043160334475933im,-0.19911989398394137 + 0.18823725998112595im,-0.19913118590277568 + 0.16828434271247367im,-0.1993574118617989 + 0.15011967574431173im,-0.19974751476330357 + 0.13339263081767758im,-0.2002670573073713 + 0.11782628376080252im,-0.20089281938260636 + 0.10319734431565446im,-0.20160947932835904 + 0.08932203504814484im,-0.20240747502445822 + 0.0760459200727274im,-0.2032816040398198 + 0.06323635537533517im,-0.2042301274550637 + 0.05077671850329159im,-0.2052542270332782 + 0.03856185903065788im,-0.20635772048472623 + 0.026494374336861443im,-0.20754698076193356 + 0.014481417472483105im,-0.20883103456642116 + 0.002431807916110751im,-0.21022183757956875 - 0.00974674860009056im,-0.2117347443698922 - 0.022150512568742675im,-0.21338921343186742 - 0.03488282507769286im,-0.21520981669803477 - 0.04805770392715347im,-0.21722766401907923 - 0.06180419819894378im,-0.21948241287877035 - 0.07627187020708437im,-0.22202511918090448 - 0.09163792481569152im,-0.22492232864748127 - 0.10811677011733702im,-0.22826211473417005 - 0.125973219797142im,-0.2321633373504043 - 0.14554108523672105im,-0.23679004781001106 - 0.1672496232730066im,-0.24237362678096022 - 0.19166224911979185im,-0.2492479447328751 - 0.21953689813868899im,-0.25791198397145426 - 0.2519245355934234im,-0.269150550413358 - 0.2903282625551791im,-0.28426495168698374 - 0.33696052535090604im,-0.3055250841093822 - 0.3951961951449028im,-0.33718592547999576 - 0.4704528842905556im,-0.3881783567847657 - 0.5719088232877777im,-0.480227950958631 - 0.7152787175806439im,-0.6804931886971052 - 0.8988566384808646im,-2.116979077369938 - 1.2155808509715933im,-2.0831768674144078 - 10.371848798466857im
17.615317325243154 - 0.579518067825485im,-0.7018639640258098 + 10.51544345295832im,-1.931850571576721 + 1.4771542600780472im,-0.5545871354229854 + 0.9766277275280165im,-0.3808028062937918 + 0.7691640883714397im,-0.30862669148113414 + 0.6155499720145949im,-0.271519402289905 + 0.5086873217697483im,-0.25008525546651195 + 0.4302220840626184im,-0.23670183804081238 + 0.36992852379367863im,-0.2278707928363614 + 0.3219003437190461im,-0.22179039718767776 + 0.2825053758430266im,-0.21746586053246825 + 0.2493874243979152im,-0.21431941559188578 + 0.22095991903389892im,-0.2119955522673522 + 0.19612025665550115im,-0.21026331999955294 + 0.17407633913879533im,-0.20896775915446242 + 0.1542413879923678im,-0.20800298709660558 + 0.13616997782215634im,-0.20729527063678888 + 0.11951691037719728im,-0.20679223836606467 + 0.10400915832263095im,-0.20645618632948998 + 0.0894262789188315im,-0.20625984881425868 + 0.0755865920662947im,-0.20618360614510006 + 0.06233720736507467im,-0.20621359951194249 + 0.04954661079962913im,-0.2063404623844092 + 0.037098987687122775im,-0.20655848289946768 + 0.02488973584382101im,-0.20686507688194722 + 0.01282178216514418im,-0.20726049855648682 + 0.0008024147619673794im,-0.20774774924540526 - 0.011259595544255624im,-0.20833266888132157 - 0.0234567768795568im,-0.209024216303777 - 0.03588582259807882im,-0.2098349661343309 - 0.04865073328838848im,-0.21078187673520715 - 0.061866457598119984im,-0.21188742095531898 - 0.07566331425521189im,-0.2131812249852395 - 0.09019257328307084im,-0.21470243609314188 - 0.10563372952194353im,-0.21650316407630252 - 0.12220427217526002im,-0.21865361372349362 - 0.14017320083657903im,-0.221250059543375 - 0.15988012197180246im,-0.22442744336690906 - 0.1817625135412854im,-0.22837891584449935 - 0.20639565675341387im,-0.23338687764205587 - 0.23455480268492884im,-0.23987854481866397 - 0.2673170357220166im,-0.24853511103721404 - 0.3062276605062047im,-0.26050453936611445 - 0.3535718399221268im,-0.2778227967612182 - 0.4128544597546707im,-0.30436711367227093 - 0.4897394378034141im,-0.3484151081203686 - 0.5939319747203634im,-0.4305300148777926 - 0.7424733418462044im,-0.6175773331863308 - 0.9380697209726125im,-2.024765706975725 - 1.3469900390110998im,-1.391492663992537 - 10.446572009583408im
